#
# There is insufficient memory for the Java Runtime Environment to continue.
# Native memory allocation (malloc) failed to allocate 5656792 bytes. Error detail: Chunk::new
# Possible reasons:
#   The system is out of physical RAM or swap space
#   This process is running with CompressedOops enabled, and the Java Heap may be blocking the growth of the native heap
# Possible solutions:
#   Reduce memory load on the system
#   Increase physical memory or swap space
#   Check if swap backing store is full
#   Decrease Java heap size (-Xmx/-Xms)
#   Decrease number of Java threads
#   Decrease Java thread stack sizes (-Xss)
#   Set larger code cache with -XX:ReservedCodeCacheSize=
#   JVM is running with Unscaled Compressed Oops mode in which the Java heap is
#     placed in the first 4GB address space. The Java Heap base address is the
#     maximum limit for the native heap growth. Please use -XX:HeapBaseMinAddress
#     to set the Java Heap base and to place the Java Heap above 4GB virtual address.
# This output file may be truncated or incomplete.
#
#  Out of Memory Error (arena.cpp:186), pid=24100, tid=31216
#
# JRE version: Java(TM) SE Runtime Environment (25.0.1+8) (build 25.0.1+8-LTS-27)
# Java VM: Java HotSpot(TM) 64-Bit Server VM (25.0.1+8-LTS-27, mixed mode, sharing, tiered, compressed oops, compressed class ptrs, g1 gc, windows-amd64)
# No core dump will be written. Minidumps are not enabled by default on client versions of Windows
#

---------------  S U M M A R Y ------------

Command Line: --add-opens=java.base/java.lang=ALL-UNNAMED --add-opens=java.base/java.lang.invoke=ALL-UNNAMED --add-opens=java.base/java.util=ALL-UNNAMED --add-opens=java.prefs/java.util.prefs=ALL-UNNAMED --add-exports=jdk.compiler/com.sun.tools.javac.api=ALL-UNNAMED --add-exports=jdk.compiler/com.sun.tools.javac.util=ALL-UNNAMED --add-opens=java.base/java.nio.charset=ALL-UNNAMED --add-opens=java.base/java.net=ALL-UNNAMED --add-opens=java.base/java.util.concurrent=ALL-UNNAMED --add-opens=java.base/java.util.concurrent.atomic=ALL-UNNAMED --add-opens=java.xml/javax.xml.namespace=ALL-UNNAMED --add-opens=java.base/java.time=ALL-UNNAMED --enable-native-access=ALL-UNNAMED -Xmx2048m -Dfile.encoding=UTF-8 -Duser.country=US -Duser.language=en -Duser.variant -javaagent:C:\Users\rafed\.gradle\wrapper\dists\gradle-9.6.0-bin\42k10rwplmzkhuboz9kdazi7s\gradle-9.6.0\lib\agents\gradle-instrumentation-agent-9.6.0.jar org.gradle.launcher.daemon.bootstrap.GradleDaemon 9.6.0

Host: AMD Ryzen 7 7435HS                             , 16 cores, 23G,  Windows 11 , 64 bit Build 26100 (10.0.26100.9444)
Time: Mon Sep 21 14:57:14 2026 Romance Daylight Time elapsed time: 13.639525 seconds (0d 0h 0m 13s)

---------------  T H R E A D  ---------------

Current thread (0x00000127fe0eaeb0):  JavaThread "C2 CompilerThread2" daemon [_thread_in_native, id=31216, stack(0x000000245cb00000,0x000000245cc00000) (1024K)]


Current CompileTask:
C2:13639 17101       4       org.jetbrains.kotlin.load.java.structure.impl.classFiles.BinaryClassSignatureParser::parseParameterizedClassRefSignature (257 bytes)

Stack: [0x000000245cb00000,0x000000245cc00000]
Native frames: (J=compiled Java code, j=interpreted, Vv=VM code, C=native code)
V  [jvm.dll+0x7a6b59]  (no source info available)
V  [jvm.dll+0x77290d]  (no source info available)
V  [jvm.dll+0x966153]  (no source info available)
V  [jvm.dll+0x968751]  (no source info available)
V  [jvm.dll+0x968e53]  (no source info available)
V  [jvm.dll+0x2fc756]  (no source info available)
V  [jvm.dll+0x111b26]  (no source info available)
V  [jvm.dll+0x111e4e]  (no source info available)
V  [jvm.dll+0x1a0a22]  (no source info available)
V  [jvm.dll+0x3b53c2]  (no source info available)
V  [jvm.dll+0x7ac4ef]  (no source info available)
V  [jvm.dll+0x2c0ac7]  (no source info available)
V  [jvm.dll+0x2bfa8f]  (no source info available)
V  [jvm.dll+0x237b60]  (no source info available)
V  [jvm.dll+0x2cfb56]  (no source info available)
V  [jvm.dll+0x2cddd5]  (no source info available)
V  [jvm.dll+0x48e6d1]  (no source info available)
V  [jvm.dll+0x906a0d]  (no source info available)
V  [jvm.dll+0x7a5135]  (no source info available)
C  [ucrtbase.dll+0x2cd30]  (no source info available)
C  [KERNEL32.DLL+0x2cd87]  (no source info available)
C  [ntdll.dll+0xacaec]  (no source info available)

Lock stack of current Java thread (top to bottom):


---------------  P R O C E S S  ---------------

Threads class SMR info:
_java_thread_list=0x0000012781b0dfe0, length=75, elements={
0x00000127d69f2f50, 0x00000127f411bf20, 0x00000127f411c830, 0x00000127f4127080,
0x00000127f3fcb080, 0x00000127f41306e0, 0x00000127f412d800, 0x00000127f412c490,
0x00000127f413c3f0, 0x00000127f4523f80, 0x00000127f45ef3e0, 0x00000127f4132df0,
0x00000127f4134560, 0x00000127f98fd270, 0x00000127f9071ae0, 0x00000127f9070b40,
0x00000127faff3580, 0x00000127faff2db0, 0x00000127faff4520, 0x00000127faff1640,
0x00000127fb0a2d10, 0x00000127fb0a4c50, 0x00000127fb0a5bf0, 0x00000127fb0a63c0,
0x00000127fb769110, 0x00000127fb7679a0, 0x00000127fb7671d0, 0x00000127fc1990e0,
0x00000127fc19df00, 0x00000127fc19e6d0, 0x00000127fc1a0610, 0x00000127fc19fe40,
0x00000127fcc60c70, 0x00000127fcc61440, 0x00000127fcc604a0, 0x00000127fcc5e560,
0x00000127fcc64320, 0x00000127fcc623e0, 0x00000127fb63a600, 0x00000127fb63cd10,
0x00000127fb63e480, 0x00000127fe264e20, 0x00000127fe2655f0, 0x00000127fe267530,
0x00000127fe26abe0, 0x00000127fe26bb80, 0x00000127fe269470, 0x00000127fdc69cc0,
0x00000127fdc67d80, 0x00000127fdc68d20, 0x00000127fdc6b430, 0x00000127fdc6d370,
0x00000127fdc6cba0, 0x00000127f906f3d0, 0x00000127fd2a9110, 0x00000127fd2a6a00,
0x00000127fd2a8170, 0x00000127fd2a6230, 0x00000127fd2a71d0, 0x00000127fd2ae700,
0x00000127fd2ab050, 0x00000127fd2ac7c0, 0x00000127fd2ad760, 0x00000127fd2afe70,
0x00000127fd2b15e0, 0x00000127fd2b2580, 0x00000127fb637ef0, 0x00000127f412ef70,
0x00000127fd2b1db0, 0x0000012780f754e0, 0x00000127fe0e6e30, 0x00000127fe0eaeb0,
0x00000127fb7614f0, 0x00000127fb762d20, 0x00000127fe536590
}

Java Threads: ( => current thread )
  0x00000127d69f2f50 JavaThread "main"                              [_thread_blocked, id=26628, stack(0x000000245b600000,0x000000245b700000) (1024K)]
  0x00000127f411bf20 JavaThread "Reference Handler"          daemon [_thread_blocked, id=31316, stack(0x000000245be00000,0x000000245bf00000) (1024K)]
  0x00000127f411c830 JavaThread "Finalizer"                  daemon [_thread_blocked, id=3200, stack(0x000000245bf00000,0x000000245c000000) (1024K)]
  0x00000127f4127080 JavaThread "Signal Dispatcher"          daemon [_thread_blocked, id=25036, stack(0x000000245c000000,0x000000245c100000) (1024K)]
  0x00000127f3fcb080 JavaThread "Attach Listener"            daemon [_thread_blocked, id=29792, stack(0x000000245c100000,0x000000245c200000) (1024K)]
  0x00000127f41306e0 JavaThread "Service Thread"             daemon [_thread_blocked, id=8356, stack(0x000000245c200000,0x000000245c300000) (1024K)]
  0x00000127f412d800 JavaThread "Monitor Deflation Thread"   daemon [_thread_blocked, id=9576, stack(0x000000245c300000,0x000000245c400000) (1024K)]
  0x00000127f412c490 JavaThread "C2 CompilerThread0"         daemon [_thread_blocked, id=24512, stack(0x000000245c400000,0x000000245c500000) (1024K)]
  0x00000127f413c3f0 JavaThread "C1 CompilerThread0"         daemon [_thread_blocked, id=29000, stack(0x000000245c500000,0x000000245c600000) (1024K)]
  0x00000127f4523f80 JavaThread "C1 CompilerThread1"         daemon [_thread_blocked, id=4684, stack(0x000000245c600000,0x000000245c700000) (1024K)]
  0x00000127f45ef3e0 JavaThread "C1 CompilerThread2"         daemon [_thread_blocked, id=3188, stack(0x000000245c700000,0x000000245c800000) (1024K)]
  0x00000127f4132df0 JavaThread "Common-Cleaner"             daemon [_thread_blocked, id=27584, stack(0x000000245c900000,0x000000245ca00000) (1024K)]
  0x00000127f4134560 JavaThread "Notification Thread"        daemon [_thread_blocked, id=22776, stack(0x000000245ca00000,0x000000245cb00000) (1024K)]
  0x00000127f98fd270 JavaThread "C1 CompilerThread3"         daemon [_thread_blocked, id=20372, stack(0x000000245ce00000,0x000000245cf00000) (1024K)]
  0x00000127f9071ae0 JavaThread "Daemon health stats"               [_thread_blocked, id=32492, stack(0x000000245d600000,0x000000245d700000) (1024K)]
  0x00000127f9070b40 JavaThread "Incoming local TCP Connector on port 52778"        [_thread_in_native, id=23848, stack(0x000000245d700000,0x000000245d800000) (1024K)]
  0x00000127faff3580 JavaThread "Daemon periodic checks"            [_thread_blocked, id=25264, stack(0x000000245d800000,0x000000245d900000) (1024K)]
  0x00000127faff2db0 JavaThread "Daemon"                            [_thread_blocked, id=22192, stack(0x000000245d900000,0x000000245da00000) (1024K)]
  0x00000127faff4520 JavaThread "Handler for socket connection from /127.0.0.1:52778 to /127.0.0.1:52779"        [_thread_in_native, id=31448, stack(0x000000245da00000,0x000000245db00000) (1024K)]
  0x00000127faff1640 JavaThread "Cancel handler"                    [_thread_blocked, id=12188, stack(0x000000245db00000,0x000000245dc00000) (1024K)]
  0x00000127fb0a2d10 JavaThread "Daemon worker"                     [_thread_in_Java, id=18088, stack(0x000000245dc00000,0x000000245dd00000) (1024K)]
  0x00000127fb0a4c50 JavaThread "Asynchronous log dispatcher for DefaultDaemonConnection: socket connection from /127.0.0.1:52778 to /127.0.0.1:52779"        [_thread_blocked, id=2716, stack(0x000000245dd00000,0x000000245de00000) (1024K)]
  0x00000127fb0a5bf0 JavaThread "Stdin handler"                     [_thread_blocked, id=26192, stack(0x000000245de00000,0x000000245df00000) (1024K)]
  0x00000127fb0a63c0 JavaThread "Daemon client event forwarder"        [_thread_blocked, id=30052, stack(0x000000245df00000,0x000000245e000000) (1024K)]
  0x00000127fb769110 JavaThread "Cache worker for journal cache (C:\Users\rafed\.gradle\caches\journal-1)"        [_thread_blocked, id=31276, stack(0x000000245e000000,0x000000245e100000) (1024K)]
  0x00000127fb7679a0 JavaThread "File lock request listener"        [_thread_in_native, id=22120, stack(0x000000245e100000,0x000000245e200000) (1024K)]
  0x00000127fb7671d0 JavaThread "Cache worker for file hash cache (C:\Users\rafed\.gradle\caches\9.6.0\fileHashes)"        [_thread_blocked, id=26812, stack(0x000000245e200000,0x000000245e300000) (1024K)]
  0x00000127fc1990e0 JavaThread "Cache worker for file hash cache (C:\Users\rafed\AndroidStudioProjects\TP11\.gradle\9.6.0\fileHashes)"        [_thread_blocked, id=26996, stack(0x000000245e900000,0x000000245ea00000) (1024K)]
  0x00000127fc19df00 JavaThread "Cache worker for Build Output Cleanup Cache (C:\Users\rafed\AndroidStudioProjects\TP11\.gradle\buildOutputCleanup)"        [_thread_blocked, id=6588, stack(0x000000245ea00000,0x000000245eb00000) (1024K)]
  0x00000127fc19e6d0 JavaThread "File watcher server"        daemon [_thread_in_native, id=20256, stack(0x000000245eb00000,0x000000245ec00000) (1024K)]
  0x00000127fc1a0610 JavaThread "File watcher consumer"      daemon [_thread_blocked, id=30368, stack(0x000000245ec00000,0x000000245ed00000) (1024K)]
  0x00000127fc19fe40 JavaThread "jar transforms"                    [_thread_blocked, id=18896, stack(0x000000245ed00000,0x000000245ee00000) (1024K)]
  0x00000127fcc60c70 JavaThread "jar transforms Thread 2"           [_thread_blocked, id=17312, stack(0x000000245ee00000,0x000000245ef00000) (1024K)]
  0x00000127fcc61440 JavaThread "jar transforms Thread 3"           [_thread_blocked, id=24444, stack(0x000000245ef00000,0x000000245f000000) (1024K)]
  0x00000127fcc604a0 JavaThread "Cache worker for file content cache (C:\Users\rafed\.gradle\caches\9.6.0\fileContent)"        [_thread_blocked, id=30344, stack(0x000000245f000000,0x000000245f100000) (1024K)]
  0x00000127fcc5e560 JavaThread "Cache worker for checksums cache (C:\Users\rafed\AndroidStudioProjects\TP11\.gradle\9.6.0\checksums)"        [_thread_blocked, id=24004, stack(0x000000245f100000,0x000000245f200000) (1024K)]
  0x00000127fcc64320 JavaThread "Cache worker for cache directory md-supplier (C:\Users\rafed\.gradle\caches\9.6.0\md-supplier)"        [_thread_blocked, id=20116, stack(0x000000245f200000,0x000000245f300000) (1024K)]
  0x00000127fcc623e0 JavaThread "Cache worker for cache directory md-rule (C:\Users\rafed\.gradle\caches\9.6.0\md-rule)"        [_thread_blocked, id=13928, stack(0x000000245f300000,0x000000245f400000) (1024K)]
  0x00000127fb63a600 JavaThread "jar transforms Thread 4"           [_thread_blocked, id=15796, stack(0x000000245f700000,0x000000245f800000) (1024K)]
  0x00000127fb63cd10 JavaThread "jar transforms Thread 5"           [_thread_blocked, id=9476, stack(0x000000245f800000,0x000000245f900000) (1024K)]
  0x00000127fb63e480 JavaThread "jar transforms Thread 6"           [_thread_blocked, id=6716, stack(0x000000245f900000,0x000000245fa00000) (1024K)]
  0x00000127fe264e20 JavaThread "jar transforms Thread 7"           [_thread_blocked, id=30016, stack(0x000000245fa00000,0x000000245fb00000) (1024K)]
  0x00000127fe2655f0 JavaThread "jar transforms Thread 8"           [_thread_blocked, id=31376, stack(0x000000245fb00000,0x000000245fc00000) (1024K)]
  0x00000127fe267530 JavaThread "jar transforms Thread 9"           [_thread_blocked, id=5040, stack(0x000000245fc00000,0x000000245fd00000) (1024K)]
  0x00000127fe26abe0 JavaThread "jar transforms Thread 10"          [_thread_blocked, id=16104, stack(0x000000245fd00000,0x000000245fe00000) (1024K)]
  0x00000127fe26bb80 JavaThread "jar transforms Thread 11"          [_thread_blocked, id=28872, stack(0x000000245fe00000,0x000000245ff00000) (1024K)]
  0x00000127fe269470 JavaThread "jar transforms Thread 12"          [_thread_blocked, id=7980, stack(0x000000245ff00000,0x0000002460000000) (1024K)]
  0x00000127fdc69cc0 JavaThread "jar transforms Thread 13"          [_thread_blocked, id=5560, stack(0x0000002460000000,0x0000002460100000) (1024K)]
  0x00000127fdc67d80 JavaThread "jar transforms Thread 14"          [_thread_blocked, id=25772, stack(0x0000002460100000,0x0000002460200000) (1024K)]
  0x00000127fdc68d20 JavaThread "jar transforms Thread 15"          [_thread_blocked, id=28152, stack(0x0000002460200000,0x0000002460300000) (1024K)]
  0x00000127fdc6b430 JavaThread "Build operations"                  [_thread_blocked, id=18276, stack(0x0000002460300000,0x0000002460400000) (1024K)]
  0x00000127fdc6d370 JavaThread "Build operations Thread 2"         [_thread_blocked, id=29476, stack(0x000000245f600000,0x000000245f700000) (1024K)]
  0x00000127fdc6cba0 JavaThread "Build operations Thread 3"         [_thread_blocked, id=24500, stack(0x0000002460400000,0x0000002460500000) (1024K)]
  0x00000127f906f3d0 JavaThread "Build operations Thread 4"         [_thread_blocked, id=22692, stack(0x000000245f400000,0x000000245f500000) (1024K)]
  0x00000127fd2a9110 JavaThread "Build operations Thread 5"         [_thread_blocked, id=25328, stack(0x000000245f500000,0x000000245f600000) (1024K)]
  0x00000127fd2a6a00 JavaThread "Build operations Thread 6"         [_thread_blocked, id=31620, stack(0x0000002460500000,0x0000002460600000) (1024K)]
  0x00000127fd2a8170 JavaThread "Build operations Thread 7"         [_thread_blocked, id=32004, stack(0x0000002460600000,0x0000002460700000) (1024K)]
  0x00000127fd2a6230 JavaThread "Build operations Thread 8"         [_thread_blocked, id=29300, stack(0x0000002460700000,0x0000002460800000) (1024K)]
  0x00000127fd2a71d0 JavaThread "Build operations Thread 9"         [_thread_blocked, id=14936, stack(0x0000002460800000,0x0000002460900000) (1024K)]
  0x00000127fd2ae700 JavaThread "Build operations Thread 10"        [_thread_blocked, id=2140, stack(0x0000002460900000,0x0000002460a00000) (1024K)]
  0x00000127fd2ab050 JavaThread "Build operations Thread 11"        [_thread_blocked, id=10996, stack(0x0000002460a00000,0x0000002460b00000) (1024K)]
  0x00000127fd2ac7c0 JavaThread "Build operations Thread 12"        [_thread_blocked, id=26252, stack(0x0000002460b00000,0x0000002460c00000) (1024K)]
  0x00000127fd2ad760 JavaThread "Build operations Thread 13"        [_thread_blocked, id=30288, stack(0x0000002460c00000,0x0000002460d00000) (1024K)]
  0x00000127fd2afe70 JavaThread "Build operations Thread 14"        [_thread_blocked, id=25640, stack(0x0000002460d00000,0x0000002460e00000) (1024K)]
  0x00000127fd2b15e0 JavaThread "Build operations Thread 15"        [_thread_blocked, id=16932, stack(0x0000002460e00000,0x0000002460f00000) (1024K)]
  0x00000127fd2b2580 JavaThread "Build operations Thread 16"        [_thread_blocked, id=11540, stack(0x0000002460f00000,0x0000002461000000) (1024K)]
  0x00000127fb637ef0 JavaThread "Memory manager"                    [_thread_blocked, id=7076, stack(0x000000245cc00000,0x000000245cd00000) (1024K)]
  0x00000127f412ef70 JavaThread "build event listener"              [_thread_blocked, id=15748, stack(0x0000002461000000,0x0000002461100000) (1024K)]
  0x00000127fd2b1db0 JavaThread "Kotlin DSL Writer"                 [_thread_blocked, id=31924, stack(0x0000002461100000,0x0000002461200000) (1024K)]
  0x0000012780f754e0 JavaThread "pool-2-thread-1"                   [_thread_blocked, id=15912, stack(0x0000002461200000,0x0000002461300000) (1024K)]
  0x00000127fe0e6e30 JavaThread "C2 CompilerThread1"         daemon [_thread_blocked, id=24272, stack(0x000000245c800000,0x000000245c900000) (1024K)]
=>0x00000127fe0eaeb0 JavaThread "C2 CompilerThread2"         daemon [_thread_in_native, id=31216, stack(0x000000245cb00000,0x000000245cc00000) (1024K)]
  0x00000127fb7614f0 JavaThread "C2 CompilerThread3"         daemon [_thread_in_native, id=20248, stack(0x0000002461300000,0x0000002461400000) (1024K)]
  0x00000127fb762d20 JavaThread "C2 CompilerThread4"         daemon [_thread_blocked, id=30656, stack(0x0000002461400000,0x0000002461500000) (1024K)]
  0x00000127fe536590 JavaThread "C2 CompilerThread5"         daemon [_thread_blocked, id=6196, stack(0x0000002461500000,0x0000002461600000) (1024K)]
Total: 75

Other Threads:
  0x00000127f410ba40 VMThread "VM Thread"                           [id=26204, stack(0x000000245bd00000,0x000000245be00000) (1024K)]
  0x00000127f40febd0 WatcherThread "VM Periodic Task Thread"        [id=2060, stack(0x000000245bc00000,0x000000245bd00000) (1024K)]
  0x00000127d6a4ef30 WorkerThread "GC Thread#0"                     [id=30484, stack(0x000000245b700000,0x000000245b800000) (1024K)]
  0x00000127f9e76840 WorkerThread "GC Thread#1"                     [id=8884, stack(0x000000245cd00000,0x000000245ce00000) (1024K)]
  0x00000127f9e76c70 WorkerThread "GC Thread#2"                     [id=23580, stack(0x000000245cf00000,0x000000245d000000) (1024K)]
  0x00000127f9e770a0 WorkerThread "GC Thread#3"                     [id=3416, stack(0x000000245d000000,0x000000245d100000) (1024K)]
  0x00000127f9e700a0 WorkerThread "GC Thread#4"                     [id=2264, stack(0x000000245d100000,0x000000245d200000) (1024K)]
  0x00000127f9e70cf0 WorkerThread "GC Thread#5"                     [id=2804, stack(0x000000245d200000,0x000000245d300000) (1024K)]
  0x00000127f9e71120 WorkerThread "GC Thread#6"                     [id=23828, stack(0x000000245d300000,0x000000245d400000) (1024K)]
  0x00000127f9e71950 WorkerThread "GC Thread#7"                     [id=21360, stack(0x000000245d400000,0x000000245d500000) (1024K)]
  0x00000127f9e6a180 WorkerThread "GC Thread#8"                     [id=22496, stack(0x000000245d500000,0x000000245d600000) (1024K)]
  0x00000127fb603df0 WorkerThread "GC Thread#9"                     [id=12704, stack(0x000000245e300000,0x000000245e400000) (1024K)]
  0x00000127fb600e80 WorkerThread "GC Thread#10"                    [id=31720, stack(0x000000245e400000,0x000000245e500000) (1024K)]
  0x00000127fb601720 WorkerThread "GC Thread#11"                    [id=15712, stack(0x000000245e500000,0x000000245e600000) (1024K)]
  0x00000127fb602410 WorkerThread "GC Thread#12"                    [id=21576, stack(0x000000245e600000,0x000000245e700000) (1024K)]
  0x00000127d6a68000 ConcurrentGCThread "G1 Main Marker"            [id=10360, stack(0x000000245b800000,0x000000245b900000) (1024K)]
  0x00000127d6a6b9a0 WorkerThread "G1 Conc#0"                       [id=9580, stack(0x000000245b900000,0x000000245ba00000) (1024K)]
  0x00000127fb600190 WorkerThread "G1 Conc#1"                       [id=28336, stack(0x000000245e700000,0x000000245e800000) (1024K)]
  0x00000127fb601b70 WorkerThread "G1 Conc#2"                       [id=12480, stack(0x000000245e800000,0x000000245e900000) (1024K)]
  0x00000127f3fc5700 ConcurrentGCThread "G1 Refine#0"               [id=24244, stack(0x000000245ba00000,0x000000245bb00000) (1024K)]
  0x00000127f3fc6120 ConcurrentGCThread "G1 Service"                [id=24236, stack(0x000000245bb00000,0x000000245bc00000) (1024K)]
Total: 21

Threads with active compile tasks:
C1 CompilerThread0  13721 17569       3       org.jetbrains.kotlin.resolve.calls.inference.model.NewConstraintSystemImpl::asRigidType (17 bytes)
C1 CompilerThread1  13721 17567   !   3       java.util.AbstractList$Itr::remove (81 bytes)
C1 CompilerThread2  13721 17570       3       org.jetbrains.kotlin.fir.resolve.providers.impl.FirSyntheticFunctionInterfaceProviderBase$Companion::getFunctionTypeKind (35 bytes)
C1 CompilerThread3  13721 17568       3       org.jetbrains.kotlin.utils.SmartList::remove (164 bytes)
C2 CompilerThread2  13721 17101       4       org.jetbrains.kotlin.load.java.structure.impl.classFiles.BinaryClassSignatureParser::parseParameterizedClassRefSignature (257 bytes)
C2 CompilerThread3  13721 16864       4       org.jetbrains.kotlin.cli.jvm.index.JvmDependenciesIndexImpl::searchClasses (520 bytes)
Total: 6

VM state: not at safepoint (normal execution)

VM Mutex/Monitor currently owned by a thread:  ([mutex/lock_event])
[0x00007ffa66b299e8] CompileTaskAlloc_lock - owner thread: 0x0000000000000000

Heap address: 0x0000000080000000, size: 2048 MB, Compressed Oops mode: 32-bit

CDS archive(s) mapped at: [0x0000000028000000-0x0000000028dd0000-0x0000000028dd0000), size 14483456, SharedBaseAddress: 0x0000000028000000, ArchiveRelocationMode: 1.
Compressed class space mapped at: 0x0000000029000000-0x0000000069000000, reserved size: 1073741824
UseCompressedClassPointers 1, UseCompactObjectHeaders 0
Narrow klass pointer bits 32, Max shift 3
Narrow klass base: 0x0000000028000000, Narrow klass shift: 0
Encoding Range: [0x0000000028000000 - 0x0000000128000000), (4294967296 bytes)
Klass Range:    [0x0000000028010000 - 0x0000000069000000), (1090453504 bytes)
Klass ID Range:  [65536 - 1090519033) (1090453497)
Protection zone: [0x0000000028000000 - 0x0000000028010000), (65536 bytes)

GC Precious Log:
 CardTable entry size: 512
 Card Set container configuration: InlinePtr #cards 5 size 8 Array Of Cards #cards 10 size 36 Howl #buckets 4 coarsen threshold 1843 Howl Bitmap #cards 512 size 80 coarsen threshold 460 Card regions per heap region 1 cards per card region 2048
 CPUs: 16 total, 16 available
 Memory: 24394M
 Large Page Support: Disabled
 NUMA Support: Disabled
 Compressed Oops: Enabled (32-bit)
 Heap Region Size: 1M
 Heap Min Capacity: 8M
 Heap Initial Capacity: 382M
 Heap Max Capacity: 2G
 Pre-touch: Disabled
 Parallel Workers: 13
 Concurrent Workers: 3
 Concurrent Refinement Workers: 13
 Periodic GC: Disabled

Heap:
 garbage-first heap   total reserved 2097152K, committed 260096K, used 203219K [0x0000000080000000, 0x0000000100000000)
  region size 1024K, 45 young (46080K), 9 survivors (9216K)

Heap Regions: E=young(eden), S=young(survivor), O=old, HS=humongous(starts), HC=humongous(continues), CS=collection set, F=free, TAMS=top-at-mark-start, PB=parsable bottom
|   0|0x0000000080000000, 0x0000000080100000, 0x0000000080100000|100%|HS|  |TAMS 0x0000000080000000| PB 0x0000000080000000| Complete |  0
|   1|0x0000000080100000, 0x0000000080200000, 0x0000000080200000|100%|HC|  |TAMS 0x0000000080100000| PB 0x0000000080100000| Complete |  0
|   2|0x0000000080200000, 0x0000000080300000, 0x0000000080300000|100%|HC|  |TAMS 0x0000000080200000| PB 0x0000000080200000| Complete |  0
|   3|0x0000000080300000, 0x0000000080400000, 0x0000000080400000|100%|HC|  |TAMS 0x0000000080300000| PB 0x0000000080300000| Complete |  0
|   4|0x0000000080400000, 0x0000000080500000, 0x0000000080500000|100%| O|  |TAMS 0x0000000080400000| PB 0x0000000080400000| Untracked |  0
|   5|0x0000000080500000, 0x0000000080600000, 0x0000000080600000|100%| O|  |TAMS 0x0000000080500000| PB 0x0000000080500000| Untracked |  0
|   6|0x0000000080600000, 0x0000000080700000, 0x0000000080700000|100%|HS|  |TAMS 0x0000000080600000| PB 0x0000000080600000| Complete |  0
|   7|0x0000000080700000, 0x0000000080800000, 0x0000000080800000|100%| O|  |TAMS 0x0000000080700000| PB 0x0000000080700000| Untracked |  0
|   8|0x0000000080800000, 0x0000000080900000, 0x0000000080900000|100%| O|  |TAMS 0x0000000080800000| PB 0x0000000080800000| Untracked |  0
|   9|0x0000000080900000, 0x0000000080a00000, 0x0000000080a00000|100%| O|  |TAMS 0x0000000080900000| PB 0x0000000080900000| Untracked |  0
|  10|0x0000000080a00000, 0x0000000080b00000, 0x0000000080b00000|100%| O|  |TAMS 0x0000000080a00000| PB 0x0000000080a00000| Untracked |  0
|  11|0x0000000080b00000, 0x0000000080c00000, 0x0000000080c00000|100%| O|  |TAMS 0x0000000080b00000| PB 0x0000000080b00000| Untracked |  0
|  12|0x0000000080c00000, 0x0000000080d00000, 0x0000000080d00000|100%| O|  |TAMS 0x0000000080c00000| PB 0x0000000080c00000| Untracked |  0
|  13|0x0000000080d00000, 0x0000000080e00000, 0x0000000080e00000|100%| O|  |TAMS 0x0000000080d00000| PB 0x0000000080d00000| Untracked |  0
|  14|0x0000000080e00000, 0x0000000080f00000, 0x0000000080f00000|100%| O|  |TAMS 0x0000000080e00000| PB 0x0000000080e00000| Untracked |  0
|  15|0x0000000080f00000, 0x0000000081000000, 0x0000000081000000|100%| O|  |TAMS 0x0000000080f00000| PB 0x0000000080f00000| Untracked |  0
|  16|0x0000000081000000, 0x0000000081100000, 0x0000000081100000|100%| O|  |TAMS 0x0000000081000000| PB 0x0000000081000000| Untracked |  0
|  17|0x0000000081100000, 0x0000000081200000, 0x0000000081200000|100%| O|  |TAMS 0x0000000081100000| PB 0x0000000081100000| Untracked |  0
|  18|0x0000000081200000, 0x0000000081300000, 0x0000000081300000|100%| O|  |TAMS 0x0000000081200000| PB 0x0000000081200000| Untracked |  0
|  19|0x0000000081300000, 0x0000000081400000, 0x0000000081400000|100%| O|  |TAMS 0x0000000081300000| PB 0x0000000081300000| Untracked |  0
|  20|0x0000000081400000, 0x0000000081500000, 0x0000000081500000|100%| O|  |TAMS 0x0000000081400000| PB 0x0000000081400000| Untracked |  0
|  21|0x0000000081500000, 0x0000000081600000, 0x0000000081600000|100%| O|  |TAMS 0x0000000081500000| PB 0x0000000081500000| Untracked |  0
|  22|0x0000000081600000, 0x0000000081700000, 0x0000000081700000|100%| O|  |TAMS 0x0000000081600000| PB 0x0000000081600000| Untracked |  0
|  23|0x0000000081700000, 0x0000000081800000, 0x0000000081800000|100%| O|  |TAMS 0x0000000081700000| PB 0x0000000081700000| Untracked |  0
|  24|0x0000000081800000, 0x0000000081900000, 0x0000000081900000|100%| O|  |TAMS 0x0000000081800000| PB 0x0000000081800000| Untracked |  0
|  25|0x0000000081900000, 0x0000000081a00000, 0x0000000081a00000|100%| O|  |TAMS 0x0000000081900000| PB 0x0000000081900000| Untracked |  0
|  26|0x0000000081a00000, 0x0000000081b00000, 0x0000000081b00000|100%| O|  |TAMS 0x0000000081a00000| PB 0x0000000081a00000| Untracked |  0
|  27|0x0000000081b00000, 0x0000000081c00000, 0x0000000081c00000|100%| O|  |TAMS 0x0000000081b00000| PB 0x0000000081b00000| Untracked |  0
|  28|0x0000000081c00000, 0x0000000081d00000, 0x0000000081d00000|100%| O|  |TAMS 0x0000000081c00000| PB 0x0000000081c00000| Untracked |  0
|  29|0x0000000081d00000, 0x0000000081e00000, 0x0000000081e00000|100%| O|  |TAMS 0x0000000081d00000| PB 0x0000000081d00000| Untracked |  0
|  30|0x0000000081e00000, 0x0000000081f00000, 0x0000000081f00000|100%| O|  |TAMS 0x0000000081e00000| PB 0x0000000081e00000| Untracked |  0
|  31|0x0000000081f00000, 0x0000000082000000, 0x0000000082000000|100%| O|  |TAMS 0x0000000081f00000| PB 0x0000000081f00000| Untracked |  0
|  32|0x0000000082000000, 0x0000000082100000, 0x0000000082100000|100%| O|  |TAMS 0x0000000082000000| PB 0x0000000082000000| Untracked |  0
|  33|0x0000000082100000, 0x0000000082200000, 0x0000000082200000|100%| O|  |TAMS 0x0000000082100000| PB 0x0000000082100000| Untracked |  0
|  34|0x0000000082200000, 0x0000000082300000, 0x0000000082300000|100%| O|  |TAMS 0x0000000082200000| PB 0x0000000082200000| Untracked |  0
|  35|0x0000000082300000, 0x0000000082400000, 0x0000000082400000|100%| O|  |TAMS 0x0000000082300000| PB 0x0000000082300000| Untracked |  0
|  36|0x0000000082400000, 0x0000000082500000, 0x0000000082500000|100%| O|  |TAMS 0x0000000082400000| PB 0x0000000082400000| Untracked |  0
|  37|0x0000000082500000, 0x0000000082600000, 0x0000000082600000|100%| O|  |TAMS 0x0000000082500000| PB 0x0000000082500000| Untracked |  0
|  38|0x0000000082600000, 0x0000000082700000, 0x0000000082700000|100%|HS|  |TAMS 0x0000000082600000| PB 0x0000000082600000| Complete |  0
|  39|0x0000000082700000, 0x0000000082800000, 0x0000000082800000|100%| O|  |TAMS 0x0000000082700000| PB 0x0000000082700000| Untracked |  0
|  40|0x0000000082800000, 0x0000000082900000, 0x0000000082900000|100%| O|  |TAMS 0x0000000082800000| PB 0x0000000082800000| Untracked |  0
|  41|0x0000000082900000, 0x0000000082a00000, 0x0000000082a00000|100%| O|  |TAMS 0x0000000082900000| PB 0x0000000082900000| Untracked |  0
|  42|0x0000000082a00000, 0x0000000082b00000, 0x0000000082b00000|100%| O|  |TAMS 0x0000000082a00000| PB 0x0000000082a00000| Untracked |  0
|  43|0x0000000082b00000, 0x0000000082c00000, 0x0000000082c00000|100%| O|  |TAMS 0x0000000082b00000| PB 0x0000000082b00000| Untracked |  0
|  44|0x0000000082c00000, 0x0000000082d00000, 0x0000000082d00000|100%| O|  |TAMS 0x0000000082c00000| PB 0x0000000082c00000| Untracked |  0
|  45|0x0000000082d00000, 0x0000000082e00000, 0x0000000082e00000|100%| O|  |TAMS 0x0000000082d00000| PB 0x0000000082d00000| Untracked |  0
|  46|0x0000000082e00000, 0x0000000082f00000, 0x0000000082f00000|100%| O|  |TAMS 0x0000000082e00000| PB 0x0000000082e00000| Untracked |  0
|  47|0x0000000082f00000, 0x0000000083000000, 0x0000000083000000|100%| O|  |TAMS 0x0000000082f00000| PB 0x0000000082f00000| Untracked |  0
|  48|0x0000000083000000, 0x0000000083100000, 0x0000000083100000|100%| O|  |TAMS 0x0000000083000000| PB 0x0000000083000000| Untracked |  0
|  49|0x0000000083100000, 0x0000000083200000, 0x0000000083200000|100%| O|  |TAMS 0x0000000083100000| PB 0x0000000083100000| Untracked |  0
|  50|0x0000000083200000, 0x0000000083300000, 0x0000000083300000|100%| O|  |TAMS 0x0000000083200000| PB 0x0000000083200000| Untracked |  0
|  51|0x0000000083300000, 0x0000000083400000, 0x0000000083400000|100%| O|  |TAMS 0x0000000083300000| PB 0x0000000083300000| Untracked |  0
|  52|0x0000000083400000, 0x0000000083500000, 0x0000000083500000|100%| O|  |TAMS 0x0000000083400000| PB 0x0000000083400000| Untracked |  0
|  53|0x0000000083500000, 0x0000000083600000, 0x0000000083600000|100%| O|  |TAMS 0x0000000083500000| PB 0x0000000083500000| Untracked |  0
|  54|0x0000000083600000, 0x0000000083700000, 0x0000000083700000|100%|HS|  |TAMS 0x0000000083600000| PB 0x0000000083600000| Complete |  0
|  55|0x0000000083700000, 0x0000000083800000, 0x0000000083800000|100%|HC|  |TAMS 0x0000000083700000| PB 0x0000000083700000| Complete |  0
|  56|0x0000000083800000, 0x0000000083900000, 0x0000000083900000|100%|HS|  |TAMS 0x0000000083800000| PB 0x0000000083800000| Complete |  0
|  57|0x0000000083900000, 0x0000000083a00000, 0x0000000083a00000|100%| O|  |TAMS 0x0000000083900000| PB 0x0000000083900000| Untracked |  0
|  58|0x0000000083a00000, 0x0000000083b00000, 0x0000000083b00000|100%| O|  |TAMS 0x0000000083a00000| PB 0x0000000083a00000| Untracked |  0
|  59|0x0000000083b00000, 0x0000000083c00000, 0x0000000083c00000|100%| O|  |TAMS 0x0000000083b00000| PB 0x0000000083b00000| Untracked |  0
|  60|0x0000000083c00000, 0x0000000083d00000, 0x0000000083d00000|100%| O|  |TAMS 0x0000000083c00000| PB 0x0000000083c00000| Untracked |  0
|  61|0x0000000083d00000, 0x0000000083e00000, 0x0000000083e00000|100%| O|  |TAMS 0x0000000083d00000| PB 0x0000000083d00000| Untracked |  0
|  62|0x0000000083e00000, 0x0000000083f00000, 0x0000000083f00000|100%|HS|  |TAMS 0x0000000083e00000| PB 0x0000000083e00000| Complete |  0
|  63|0x0000000083f00000, 0x0000000084000000, 0x0000000084000000|100%|HS|  |TAMS 0x0000000083f00000| PB 0x0000000083f00000| Complete |  0
|  64|0x0000000084000000, 0x0000000084100000, 0x0000000084100000|100%|HS|  |TAMS 0x0000000084000000| PB 0x0000000084000000| Complete |  0
|  65|0x0000000084100000, 0x0000000084200000, 0x0000000084200000|100%|HS|  |TAMS 0x0000000084100000| PB 0x0000000084100000| Complete |  0
|  66|0x0000000084200000, 0x0000000084300000, 0x0000000084300000|100%|HC|  |TAMS 0x0000000084200000| PB 0x0000000084200000| Complete |  0
|  67|0x0000000084300000, 0x0000000084400000, 0x0000000084400000|100%|HS|  |TAMS 0x0000000084300000| PB 0x0000000084300000| Complete |  0
|  68|0x0000000084400000, 0x0000000084500000, 0x0000000084500000|100%| O|  |TAMS 0x0000000084400000| PB 0x0000000084400000| Untracked |  0
|  69|0x0000000084500000, 0x0000000084600000, 0x0000000084600000|100%|HS|  |TAMS 0x0000000084500000| PB 0x0000000084500000| Complete |  0
|  70|0x0000000084600000, 0x0000000084700000, 0x0000000084700000|100%|HS|  |TAMS 0x0000000084600000| PB 0x0000000084600000| Complete |  0
|  71|0x0000000084700000, 0x0000000084800000, 0x0000000084800000|100%|HS|  |TAMS 0x0000000084700000| PB 0x0000000084700000| Complete |  0
|  72|0x0000000084800000, 0x0000000084900000, 0x0000000084900000|100%| O|  |TAMS 0x0000000084800000| PB 0x0000000084800000| Untracked |  0
|  73|0x0000000084900000, 0x0000000084a00000, 0x0000000084a00000|100%| O|  |TAMS 0x0000000084900000| PB 0x0000000084900000| Untracked |  0
|  74|0x0000000084a00000, 0x0000000084b00000, 0x0000000084b00000|100%| O|  |TAMS 0x0000000084a00000| PB 0x0000000084a00000| Untracked |  0
|  75|0x0000000084b00000, 0x0000000084c00000, 0x0000000084c00000|100%| O|  |TAMS 0x0000000084b00000| PB 0x0000000084b00000| Untracked |  0
|  76|0x0000000084c00000, 0x0000000084d00000, 0x0000000084d00000|100%| O|  |TAMS 0x0000000084c00000| PB 0x0000000084c00000| Untracked |  0
|  77|0x0000000084d00000, 0x0000000084e00000, 0x0000000084e00000|100%| O|  |TAMS 0x0000000084d00000| PB 0x0000000084d00000| Untracked |  0
|  78|0x0000000084e00000, 0x0000000084f00000, 0x0000000084f00000|100%| O|  |TAMS 0x0000000084e00000| PB 0x0000000084e00000| Untracked |  0
|  79|0x0000000084f00000, 0x0000000085000000, 0x0000000085000000|100%|HS|  |TAMS 0x0000000084f00000| PB 0x0000000084f00000| Complete |  0
|  80|0x0000000085000000, 0x0000000085100000, 0x0000000085100000|100%| O|  |TAMS 0x0000000085000000| PB 0x0000000085000000| Untracked |  0
|  81|0x0000000085100000, 0x0000000085200000, 0x0000000085200000|100%| O|  |TAMS 0x0000000085100000| PB 0x0000000085100000| Untracked |  0
|  82|0x0000000085200000, 0x0000000085300000, 0x0000000085300000|100%| O|  |TAMS 0x0000000085200000| PB 0x0000000085200000| Untracked |  0
|  83|0x0000000085300000, 0x0000000085400000, 0x0000000085400000|100%| O|  |TAMS 0x0000000085300000| PB 0x0000000085300000| Untracked |  0
|  84|0x0000000085400000, 0x0000000085500000, 0x0000000085500000|100%| O|  |TAMS 0x0000000085400000| PB 0x0000000085400000| Untracked |  0
|  85|0x0000000085500000, 0x0000000085600000, 0x0000000085600000|100%| O|  |TAMS 0x0000000085500000| PB 0x0000000085500000| Untracked |  0
|  86|0x0000000085600000, 0x0000000085700000, 0x0000000085700000|100%| O|  |TAMS 0x0000000085600000| PB 0x0000000085600000| Untracked |  0
|  87|0x0000000085700000, 0x0000000085800000, 0x0000000085800000|100%| O|  |TAMS 0x0000000085700000| PB 0x0000000085700000| Untracked |  0
|  88|0x0000000085800000, 0x0000000085900000, 0x0000000085900000|100%| O|  |TAMS 0x0000000085800000| PB 0x0000000085800000| Untracked |  0
|  89|0x0000000085900000, 0x0000000085a00000, 0x0000000085a00000|100%| O|  |TAMS 0x0000000085900000| PB 0x0000000085900000| Untracked |  0
|  90|0x0000000085a00000, 0x0000000085b00000, 0x0000000085b00000|100%| O|  |TAMS 0x0000000085a00000| PB 0x0000000085a00000| Untracked |  0
|  91|0x0000000085b00000, 0x0000000085c00000, 0x0000000085c00000|100%| O|  |TAMS 0x0000000085b00000| PB 0x0000000085b00000| Untracked |  0
|  92|0x0000000085c00000, 0x0000000085d00000, 0x0000000085d00000|100%| O|  |TAMS 0x0000000085c00000| PB 0x0000000085c00000| Untracked |  0
|  93|0x0000000085d00000, 0x0000000085e00000, 0x0000000085e00000|100%| O|  |TAMS 0x0000000085d00000| PB 0x0000000085d00000| Untracked |  0
|  94|0x0000000085e00000, 0x0000000085f00000, 0x0000000085f00000|100%| O|  |TAMS 0x0000000085e00000| PB 0x0000000085e00000| Untracked |  0
|  95|0x0000000085f00000, 0x0000000086000000, 0x0000000086000000|100%| O|  |TAMS 0x0000000085f00000| PB 0x0000000085f00000| Untracked |  0
|  96|0x0000000086000000, 0x0000000086100000, 0x0000000086100000|100%| O|  |TAMS 0x0000000086000000| PB 0x0000000086000000| Untracked |  0
|  97|0x0000000086100000, 0x0000000086200000, 0x0000000086200000|100%|HS|  |TAMS 0x0000000086100000| PB 0x0000000086100000| Complete |  0
|  98|0x0000000086200000, 0x0000000086300000, 0x0000000086300000|100%| O|  |TAMS 0x0000000086200000| PB 0x0000000086200000| Untracked |  0
|  99|0x0000000086300000, 0x0000000086400000, 0x0000000086400000|100%| O|  |TAMS 0x0000000086300000| PB 0x0000000086300000| Untracked |  0
| 100|0x0000000086400000, 0x0000000086500000, 0x0000000086500000|100%| O|  |TAMS 0x0000000086400000| PB 0x0000000086400000| Untracked |  0
| 101|0x0000000086500000, 0x0000000086600000, 0x0000000086600000|100%| O|  |TAMS 0x0000000086500000| PB 0x0000000086500000| Untracked |  0
| 102|0x0000000086600000, 0x0000000086700000, 0x0000000086700000|100%| O|  |TAMS 0x0000000086600000| PB 0x0000000086600000| Untracked |  0
| 103|0x0000000086700000, 0x0000000086800000, 0x0000000086800000|100%| O|  |TAMS 0x0000000086700000| PB 0x0000000086700000| Untracked |  0
| 104|0x0000000086800000, 0x0000000086900000, 0x0000000086900000|100%| O|  |TAMS 0x0000000086800000| PB 0x0000000086800000| Untracked |  0
| 105|0x0000000086900000, 0x0000000086a00000, 0x0000000086a00000|100%| O|  |TAMS 0x0000000086900000| PB 0x0000000086900000| Untracked |  0
| 106|0x0000000086a00000, 0x0000000086b00000, 0x0000000086b00000|100%| O|  |TAMS 0x0000000086a00000| PB 0x0000000086a00000| Untracked |  0
| 107|0x0000000086b00000, 0x0000000086c00000, 0x0000000086c00000|100%| O|  |TAMS 0x0000000086b00000| PB 0x0000000086b00000| Untracked |  0
| 108|0x0000000086c00000, 0x0000000086d00000, 0x0000000086d00000|100%| O|  |TAMS 0x0000000086c00000| PB 0x0000000086c00000| Untracked |  0
| 109|0x0000000086d00000, 0x0000000086e00000, 0x0000000086e00000|100%| O|  |TAMS 0x0000000086d00000| PB 0x0000000086d00000| Untracked |  0
| 110|0x0000000086e00000, 0x0000000086f00000, 0x0000000086f00000|100%| O|  |TAMS 0x0000000086e00000| PB 0x0000000086e00000| Untracked |  0
| 111|0x0000000086f00000, 0x0000000087000000, 0x0000000087000000|100%| O|  |TAMS 0x0000000086f00000| PB 0x0000000086f00000| Untracked |  0
| 112|0x0000000087000000, 0x0000000087100000, 0x0000000087100000|100%| O|  |TAMS 0x0000000087000000| PB 0x0000000087000000| Untracked |  0
| 113|0x0000000087100000, 0x0000000087200000, 0x0000000087200000|100%| O|  |TAMS 0x0000000087100000| PB 0x0000000087100000| Untracked |  0
| 114|0x0000000087200000, 0x0000000087300000, 0x0000000087300000|100%| O|  |TAMS 0x0000000087200000| PB 0x0000000087200000| Untracked |  0
| 115|0x0000000087300000, 0x0000000087400000, 0x0000000087400000|100%| O|  |TAMS 0x0000000087300000| PB 0x0000000087300000| Untracked |  0
| 116|0x0000000087400000, 0x0000000087500000, 0x0000000087500000|100%| O|  |TAMS 0x0000000087400000| PB 0x0000000087400000| Untracked |  0
| 117|0x0000000087500000, 0x0000000087600000, 0x0000000087600000|100%| O|  |TAMS 0x0000000087500000| PB 0x0000000087500000| Untracked |  0
| 118|0x0000000087600000, 0x0000000087700000, 0x0000000087700000|100%| O|  |TAMS 0x0000000087600000| PB 0x0000000087600000| Untracked |  0
| 119|0x0000000087700000, 0x0000000087700000, 0x0000000087800000|  0%| F|  |TAMS 0x0000000087700000| PB 0x0000000087700000| Untracked |  0
| 120|0x0000000087800000, 0x0000000087900000, 0x0000000087900000|100%| O|  |TAMS 0x0000000087800000| PB 0x0000000087800000| Untracked |  0
| 121|0x0000000087900000, 0x0000000087900000, 0x0000000087a00000|  0%| F|  |TAMS 0x0000000087900000| PB 0x0000000087900000| Untracked |  0
| 122|0x0000000087a00000, 0x0000000087b00000, 0x0000000087b00000|100%| O|  |TAMS 0x0000000087a00000| PB 0x0000000087a00000| Untracked |  0
| 123|0x0000000087b00000, 0x0000000087c00000, 0x0000000087c00000|100%| O|  |TAMS 0x0000000087b00000| PB 0x0000000087b00000| Untracked |  0
| 124|0x0000000087c00000, 0x0000000087d00000, 0x0000000087d00000|100%| O|  |TAMS 0x0000000087c00000| PB 0x0000000087c00000| Untracked |  0
| 125|0x0000000087d00000, 0x0000000087e00000, 0x0000000087e00000|100%|HS|  |TAMS 0x0000000087d00000| PB 0x0000000087d00000| Complete |  0
| 126|0x0000000087e00000, 0x0000000087f00000, 0x0000000087f00000|100%| O|  |TAMS 0x0000000087e00000| PB 0x0000000087e00000| Untracked |  0
| 127|0x0000000087f00000, 0x0000000088000000, 0x0000000088000000|100%| O|  |TAMS 0x0000000087f00000| PB 0x0000000087f00000| Untracked |  0
| 128|0x0000000088000000, 0x0000000088100000, 0x0000000088100000|100%| O|  |TAMS 0x0000000088000000| PB 0x0000000088000000| Untracked |  0
| 129|0x0000000088100000, 0x0000000088200000, 0x0000000088200000|100%| O|  |TAMS 0x0000000088100000| PB 0x0000000088100000| Untracked |  0
| 130|0x0000000088200000, 0x0000000088300000, 0x0000000088300000|100%| O|  |TAMS 0x0000000088200000| PB 0x0000000088200000| Untracked |  0
| 131|0x0000000088300000, 0x0000000088400000, 0x0000000088400000|100%| O|  |TAMS 0x0000000088300000| PB 0x0000000088300000| Untracked |  0
| 132|0x0000000088400000, 0x0000000088474d08, 0x0000000088500000| 45%| O|  |TAMS 0x0000000088400000| PB 0x0000000088400000| Untracked |  0
| 133|0x0000000088500000, 0x0000000088500000, 0x0000000088600000|  0%| F|  |TAMS 0x0000000088500000| PB 0x0000000088500000| Untracked |  0
| 134|0x0000000088600000, 0x0000000088600000, 0x0000000088700000|  0%| F|  |TAMS 0x0000000088600000| PB 0x0000000088600000| Untracked |  0
| 135|0x0000000088700000, 0x0000000088700000, 0x0000000088800000|  0%| F|  |TAMS 0x0000000088700000| PB 0x0000000088700000| Untracked |  0
| 136|0x0000000088800000, 0x0000000088800000, 0x0000000088900000|  0%| F|  |TAMS 0x0000000088800000| PB 0x0000000088800000| Untracked |  0
| 137|0x0000000088900000, 0x0000000088900000, 0x0000000088a00000|  0%| F|  |TAMS 0x0000000088900000| PB 0x0000000088900000| Untracked |  0
| 138|0x0000000088a00000, 0x0000000088a00000, 0x0000000088b00000|  0%| F|  |TAMS 0x0000000088a00000| PB 0x0000000088a00000| Untracked |  0
| 139|0x0000000088b00000, 0x0000000088b00000, 0x0000000088c00000|  0%| F|  |TAMS 0x0000000088b00000| PB 0x0000000088b00000| Untracked |  0
| 140|0x0000000088c00000, 0x0000000088c00000, 0x0000000088d00000|  0%| F|  |TAMS 0x0000000088c00000| PB 0x0000000088c00000| Untracked |  0
| 141|0x0000000088d00000, 0x0000000088d00000, 0x0000000088e00000|  0%| F|  |TAMS 0x0000000088d00000| PB 0x0000000088d00000| Untracked |  0
| 142|0x0000000088e00000, 0x0000000088e00000, 0x0000000088f00000|  0%| F|  |TAMS 0x0000000088e00000| PB 0x0000000088e00000| Untracked |  0
| 143|0x0000000088f00000, 0x0000000088f00000, 0x0000000089000000|  0%| F|  |TAMS 0x0000000088f00000| PB 0x0000000088f00000| Untracked |  0
| 144|0x0000000089000000, 0x0000000089000000, 0x0000000089100000|  0%| F|  |TAMS 0x0000000089000000| PB 0x0000000089000000| Untracked |  0
| 145|0x0000000089100000, 0x0000000089100000, 0x0000000089200000|  0%| F|  |TAMS 0x0000000089100000| PB 0x0000000089100000| Untracked |  0
| 146|0x0000000089200000, 0x0000000089200000, 0x0000000089300000|  0%| F|  |TAMS 0x0000000089200000| PB 0x0000000089200000| Untracked |  0
| 147|0x0000000089300000, 0x0000000089300000, 0x0000000089400000|  0%| F|  |TAMS 0x0000000089300000| PB 0x0000000089300000| Untracked |  0
| 148|0x0000000089400000, 0x0000000089400000, 0x0000000089500000|  0%| F|  |TAMS 0x0000000089400000| PB 0x0000000089400000| Untracked |  0
| 149|0x0000000089500000, 0x0000000089500000, 0x0000000089600000|  0%| F|  |TAMS 0x0000000089500000| PB 0x0000000089500000| Untracked |  0
| 150|0x0000000089600000, 0x0000000089600000, 0x0000000089700000|  0%| F|  |TAMS 0x0000000089600000| PB 0x0000000089600000| Untracked |  0
| 151|0x0000000089700000, 0x0000000089800000, 0x0000000089800000|100%| S|CS|TAMS 0x0000000089700000| PB 0x0000000089700000| Complete |  0
| 152|0x0000000089800000, 0x0000000089900000, 0x0000000089900000|100%| S|CS|TAMS 0x0000000089800000| PB 0x0000000089800000| Complete |  0
| 153|0x0000000089900000, 0x0000000089a00000, 0x0000000089a00000|100%| S|CS|TAMS 0x0000000089900000| PB 0x0000000089900000| Complete |  0
| 154|0x0000000089a00000, 0x0000000089b00000, 0x0000000089b00000|100%| S|CS|TAMS 0x0000000089a00000| PB 0x0000000089a00000| Complete |  0
| 155|0x0000000089b00000, 0x0000000089c00000, 0x0000000089c00000|100%| S|CS|TAMS 0x0000000089b00000| PB 0x0000000089b00000| Complete |  0
| 156|0x0000000089c00000, 0x0000000089d00000, 0x0000000089d00000|100%| S|CS|TAMS 0x0000000089c00000| PB 0x0000000089c00000| Complete |  0
| 157|0x0000000089d00000, 0x0000000089e00000, 0x0000000089e00000|100%| S|CS|TAMS 0x0000000089d00000| PB 0x0000000089d00000| Complete |  0
| 158|0x0000000089e00000, 0x0000000089f00000, 0x0000000089f00000|100%| S|CS|TAMS 0x0000000089e00000| PB 0x0000000089e00000| Complete |  0
| 159|0x0000000089f00000, 0x000000008a000000, 0x000000008a000000|100%| S|CS|TAMS 0x0000000089f00000| PB 0x0000000089f00000| Complete |  0
| 160|0x000000008a000000, 0x000000008a000000, 0x000000008a100000|  0%| F|  |TAMS 0x000000008a000000| PB 0x000000008a000000| Untracked |  0
| 161|0x000000008a100000, 0x000000008a100000, 0x000000008a200000|  0%| F|  |TAMS 0x000000008a100000| PB 0x000000008a100000| Untracked |  0
| 162|0x000000008a200000, 0x000000008a200000, 0x000000008a300000|  0%| F|  |TAMS 0x000000008a200000| PB 0x000000008a200000| Untracked |  0
| 163|0x000000008a300000, 0x000000008a300000, 0x000000008a400000|  0%| F|  |TAMS 0x000000008a300000| PB 0x000000008a300000| Untracked |  0
| 164|0x000000008a400000, 0x000000008a400000, 0x000000008a500000|  0%| F|  |TAMS 0x000000008a400000| PB 0x000000008a400000| Untracked |  0
| 165|0x000000008a500000, 0x000000008a500000, 0x000000008a600000|  0%| F|  |TAMS 0x000000008a500000| PB 0x000000008a500000| Untracked |  0
| 166|0x000000008a600000, 0x000000008a600000, 0x000000008a700000|  0%| F|  |TAMS 0x000000008a600000| PB 0x000000008a600000| Untracked |  0
| 167|0x000000008a700000, 0x000000008a700000, 0x000000008a800000|  0%| F|  |TAMS 0x000000008a700000| PB 0x000000008a700000| Untracked |  0
| 168|0x000000008a800000, 0x000000008a800000, 0x000000008a900000|  0%| F|  |TAMS 0x000000008a800000| PB 0x000000008a800000| Untracked |  0
| 169|0x000000008a900000, 0x000000008a900000, 0x000000008aa00000|  0%| F|  |TAMS 0x000000008a900000| PB 0x000000008a900000| Untracked |  0
| 170|0x000000008aa00000, 0x000000008aa00000, 0x000000008ab00000|  0%| F|  |TAMS 0x000000008aa00000| PB 0x000000008aa00000| Untracked |  0
| 171|0x000000008ab00000, 0x000000008ab00000, 0x000000008ac00000|  0%| F|  |TAMS 0x000000008ab00000| PB 0x000000008ab00000| Untracked |  0
| 172|0x000000008ac00000, 0x000000008ac00000, 0x000000008ad00000|  0%| F|  |TAMS 0x000000008ac00000| PB 0x000000008ac00000| Untracked |  0
| 173|0x000000008ad00000, 0x000000008ad00000, 0x000000008ae00000|  0%| F|  |TAMS 0x000000008ad00000| PB 0x000000008ad00000| Untracked |  0
| 174|0x000000008ae00000, 0x000000008ae00000, 0x000000008af00000|  0%| F|  |TAMS 0x000000008ae00000| PB 0x000000008ae00000| Untracked |  0
| 175|0x000000008af00000, 0x000000008af00000, 0x000000008b000000|  0%| F|  |TAMS 0x000000008af00000| PB 0x000000008af00000| Untracked |  0
| 176|0x000000008b000000, 0x000000008b000000, 0x000000008b100000|  0%| F|  |TAMS 0x000000008b000000| PB 0x000000008b000000| Untracked |  0
| 177|0x000000008b100000, 0x000000008b100000, 0x000000008b200000|  0%| F|  |TAMS 0x000000008b100000| PB 0x000000008b100000| Untracked |  0
| 178|0x000000008b200000, 0x000000008b200000, 0x000000008b300000|  0%| F|  |TAMS 0x000000008b200000| PB 0x000000008b200000| Untracked |  0
| 179|0x000000008b300000, 0x000000008b300000, 0x000000008b400000|  0%| F|  |TAMS 0x000000008b300000| PB 0x000000008b300000| Untracked |  0
| 180|0x000000008b400000, 0x000000008b400000, 0x000000008b500000|  0%| F|  |TAMS 0x000000008b400000| PB 0x000000008b400000| Untracked |  0
| 181|0x000000008b500000, 0x000000008b500000, 0x000000008b600000|  0%| F|  |TAMS 0x000000008b500000| PB 0x000000008b500000| Untracked |  0
| 182|0x000000008b600000, 0x000000008b600000, 0x000000008b700000|  0%| F|  |TAMS 0x000000008b600000| PB 0x000000008b600000| Untracked |  0
| 183|0x000000008b700000, 0x000000008b700000, 0x000000008b800000|  0%| F|  |TAMS 0x000000008b700000| PB 0x000000008b700000| Untracked |  0
| 184|0x000000008b800000, 0x000000008b800000, 0x000000008b900000|  0%| F|  |TAMS 0x000000008b800000| PB 0x000000008b800000| Untracked |  0
| 185|0x000000008b900000, 0x000000008b900000, 0x000000008ba00000|  0%| F|  |TAMS 0x000000008b900000| PB 0x000000008b900000| Untracked |  0
| 186|0x000000008ba00000, 0x000000008ba00000, 0x000000008bb00000|  0%| F|  |TAMS 0x000000008ba00000| PB 0x000000008ba00000| Untracked |  0
| 187|0x000000008bb00000, 0x000000008bb00000, 0x000000008bc00000|  0%| F|  |TAMS 0x000000008bb00000| PB 0x000000008bb00000| Untracked |  0
| 188|0x000000008bc00000, 0x000000008bc00000, 0x000000008bd00000|  0%| F|  |TAMS 0x000000008bc00000| PB 0x000000008bc00000| Untracked |  0
| 189|0x000000008bd00000, 0x000000008bd00000, 0x000000008be00000|  0%| F|  |TAMS 0x000000008bd00000| PB 0x000000008bd00000| Untracked |  0
| 190|0x000000008be00000, 0x000000008be00000, 0x000000008bf00000|  0%| F|  |TAMS 0x000000008be00000| PB 0x000000008be00000| Untracked |  0
| 191|0x000000008bf00000, 0x000000008bf00000, 0x000000008c000000|  0%| F|  |TAMS 0x000000008bf00000| PB 0x000000008bf00000| Untracked |  0
| 192|0x000000008c000000, 0x000000008c000000, 0x000000008c100000|  0%| F|  |TAMS 0x000000008c000000| PB 0x000000008c000000| Untracked |  0
| 193|0x000000008c100000, 0x000000008c100000, 0x000000008c200000|  0%| F|  |TAMS 0x000000008c100000| PB 0x000000008c100000| Untracked |  0
| 194|0x000000008c200000, 0x000000008c300000, 0x000000008c300000|100%| E|  |TAMS 0x000000008c200000| PB 0x000000008c200000| Complete |  0
| 195|0x000000008c300000, 0x000000008c400000, 0x000000008c400000|100%| E|CS|TAMS 0x000000008c300000| PB 0x000000008c300000| Complete |  0
| 196|0x000000008c400000, 0x000000008c500000, 0x000000008c500000|100%| E|CS|TAMS 0x000000008c400000| PB 0x000000008c400000| Complete |  0
| 197|0x000000008c500000, 0x000000008c600000, 0x000000008c600000|100%| E|CS|TAMS 0x000000008c500000| PB 0x000000008c500000| Complete |  0
| 198|0x000000008c600000, 0x000000008c700000, 0x000000008c700000|100%| E|CS|TAMS 0x000000008c600000| PB 0x000000008c600000| Complete |  0
| 199|0x000000008c700000, 0x000000008c800000, 0x000000008c800000|100%| E|CS|TAMS 0x000000008c700000| PB 0x000000008c700000| Complete |  0
| 200|0x000000008c800000, 0x000000008c900000, 0x000000008c900000|100%| E|CS|TAMS 0x000000008c800000| PB 0x000000008c800000| Complete |  0
| 201|0x000000008c900000, 0x000000008ca00000, 0x000000008ca00000|100%| E|CS|TAMS 0x000000008c900000| PB 0x000000008c900000| Complete |  0
| 202|0x000000008ca00000, 0x000000008cb00000, 0x000000008cb00000|100%| E|CS|TAMS 0x000000008ca00000| PB 0x000000008ca00000| Complete |  0
| 203|0x000000008cb00000, 0x000000008cc00000, 0x000000008cc00000|100%| E|CS|TAMS 0x000000008cb00000| PB 0x000000008cb00000| Complete |  0
| 204|0x000000008cc00000, 0x000000008cd00000, 0x000000008cd00000|100%| E|CS|TAMS 0x000000008cc00000| PB 0x000000008cc00000| Complete |  0
| 205|0x000000008cd00000, 0x000000008ce00000, 0x000000008ce00000|100%| E|CS|TAMS 0x000000008cd00000| PB 0x000000008cd00000| Complete |  0
| 240|0x000000008f000000, 0x000000008f100000, 0x000000008f100000|100%| E|CS|TAMS 0x000000008f000000| PB 0x000000008f000000| Complete |  0
| 241|0x000000008f100000, 0x000000008f200000, 0x000000008f200000|100%| E|CS|TAMS 0x000000008f100000| PB 0x000000008f100000| Complete |  0
| 242|0x000000008f200000, 0x000000008f300000, 0x000000008f300000|100%| E|CS|TAMS 0x000000008f200000| PB 0x000000008f200000| Complete |  0
| 243|0x000000008f300000, 0x000000008f400000, 0x000000008f400000|100%| E|CS|TAMS 0x000000008f300000| PB 0x000000008f300000| Complete |  0
| 244|0x000000008f400000, 0x000000008f500000, 0x000000008f500000|100%| E|CS|TAMS 0x000000008f400000| PB 0x000000008f400000| Complete |  0
| 245|0x000000008f500000, 0x000000008f600000, 0x000000008f600000|100%| E|CS|TAMS 0x000000008f500000| PB 0x000000008f500000| Complete |  0
| 246|0x000000008f600000, 0x000000008f700000, 0x000000008f700000|100%| E|CS|TAMS 0x000000008f600000| PB 0x000000008f600000| Complete |  0
| 247|0x000000008f700000, 0x000000008f800000, 0x000000008f800000|100%| E|CS|TAMS 0x000000008f700000| PB 0x000000008f700000| Complete |  0
| 248|0x000000008f800000, 0x000000008f900000, 0x000000008f900000|100%| E|CS|TAMS 0x000000008f800000| PB 0x000000008f800000| Complete |  0
| 249|0x000000008f900000, 0x000000008fa00000, 0x000000008fa00000|100%| E|CS|TAMS 0x000000008f900000| PB 0x000000008f900000| Complete |  0
| 250|0x000000008fa00000, 0x000000008fb00000, 0x000000008fb00000|100%| E|CS|TAMS 0x000000008fa00000| PB 0x000000008fa00000| Complete |  0
| 251|0x000000008fb00000, 0x000000008fc00000, 0x000000008fc00000|100%| E|CS|TAMS 0x000000008fb00000| PB 0x000000008fb00000| Complete |  0
| 252|0x000000008fc00000, 0x000000008fd00000, 0x000000008fd00000|100%| E|CS|TAMS 0x000000008fc00000| PB 0x000000008fc00000| Complete |  0
| 253|0x000000008fd00000, 0x000000008fe00000, 0x000000008fe00000|100%| E|CS|TAMS 0x000000008fd00000| PB 0x000000008fd00000| Complete |  0
| 254|0x000000008fe00000, 0x000000008ff00000, 0x000000008ff00000|100%| E|CS|TAMS 0x000000008fe00000| PB 0x000000008fe00000| Complete |  0
| 255|0x000000008ff00000, 0x0000000090000000, 0x0000000090000000|100%| E|CS|TAMS 0x000000008ff00000| PB 0x000000008ff00000| Complete |  0
| 256|0x0000000090000000, 0x0000000090100000, 0x0000000090100000|100%| E|CS|TAMS 0x0000000090000000| PB 0x0000000090000000| Complete |  0
| 381|0x0000000097d00000, 0x0000000097e00000, 0x0000000097e00000|100%| E|CS|TAMS 0x0000000097d00000| PB 0x0000000097d00000| Complete |  0
|2018|0x00000000fe200000, 0x00000000fe300000, 0x00000000fe300000|100%| O|  |TAMS 0x00000000fe200000| PB 0x00000000fe200000| Untracked |  0
|2019|0x00000000fe300000, 0x00000000fe400000, 0x00000000fe400000|100%| E|CS|TAMS 0x00000000fe300000| PB 0x00000000fe300000| Complete |  0
|2020|0x00000000fe400000, 0x00000000fe500000, 0x00000000fe500000|100%| O|  |TAMS 0x00000000fe400000| PB 0x00000000fe400000| Untracked |  0
|2021|0x00000000fe500000, 0x00000000fe600000, 0x00000000fe600000|100%| O|  |TAMS 0x00000000fe500000| PB 0x00000000fe500000| Untracked |  0
|2022|0x00000000fe600000, 0x00000000fe700000, 0x00000000fe700000|100%| O|  |TAMS 0x00000000fe600000| PB 0x00000000fe600000| Untracked |  0
|2023|0x00000000fe700000, 0x00000000fe800000, 0x00000000fe800000|100%| O|  |TAMS 0x00000000fe700000| PB 0x00000000fe700000| Untracked |  0
|2024|0x00000000fe800000, 0x00000000fe900000, 0x00000000fe900000|100%| O|  |TAMS 0x00000000fe800000| PB 0x00000000fe800000| Untracked |  0
|2025|0x00000000fe900000, 0x00000000fea00000, 0x00000000fea00000|100%| O|  |TAMS 0x00000000fe900000| PB 0x00000000fe900000| Untracked |  0
|2026|0x00000000fea00000, 0x00000000feb00000, 0x00000000feb00000|100%| O|  |TAMS 0x00000000fea00000| PB 0x00000000fea00000| Untracked |  0
|2027|0x00000000feb00000, 0x00000000fec00000, 0x00000000fec00000|100%| O|  |TAMS 0x00000000feb00000| PB 0x00000000feb00000| Untracked |  0
|2028|0x00000000fec00000, 0x00000000fed00000, 0x00000000fed00000|100%| O|  |TAMS 0x00000000fec00000| PB 0x00000000fec00000| Untracked |  0
|2029|0x00000000fed00000, 0x00000000fee00000, 0x00000000fee00000|100%| O|  |TAMS 0x00000000fed00000| PB 0x00000000fed00000| Untracked |  0
|2030|0x00000000fee00000, 0x00000000fef00000, 0x00000000fef00000|100%| E|CS|TAMS 0x00000000fee00000| PB 0x00000000fee00000| Complete |  0
|2031|0x00000000fef00000, 0x00000000ff000000, 0x00000000ff000000|100%| E|CS|TAMS 0x00000000fef00000| PB 0x00000000fef00000| Complete |  0
|2032|0x00000000ff000000, 0x00000000ff100000, 0x00000000ff100000|100%| O|  |TAMS 0x00000000ff000000| PB 0x00000000ff000000| Untracked |  0
|2033|0x00000000ff100000, 0x00000000ff200000, 0x00000000ff200000|100%| O|  |TAMS 0x00000000ff100000| PB 0x00000000ff100000| Untracked |  0
|2034|0x00000000ff200000, 0x00000000ff300000, 0x00000000ff300000|100%| E|CS|TAMS 0x00000000ff200000| PB 0x00000000ff200000| Complete |  0
|2035|0x00000000ff300000, 0x00000000ff400000, 0x00000000ff400000|100%| O|  |TAMS 0x00000000ff300000| PB 0x00000000ff300000| Untracked |  0
|2036|0x00000000ff400000, 0x00000000ff500000, 0x00000000ff500000|100%| O|  |TAMS 0x00000000ff400000| PB 0x00000000ff400000| Untracked |  0
|2037|0x00000000ff500000, 0x00000000ff600000, 0x00000000ff600000|100%| O|  |TAMS 0x00000000ff500000| PB 0x00000000ff500000| Untracked |  0
|2038|0x00000000ff600000, 0x00000000ff700000, 0x00000000ff700000|100%| E|CS|TAMS 0x00000000ff600000| PB 0x00000000ff600000| Complete |  0
|2039|0x00000000ff700000, 0x00000000ff800000, 0x00000000ff800000|100%| O|  |TAMS 0x00000000ff700000| PB 0x00000000ff700000| Untracked |  0
|2040|0x00000000ff800000, 0x00000000ff900000, 0x00000000ff900000|100%| O|  |TAMS 0x00000000ff800000| PB 0x00000000ff800000| Untracked |  0
|2041|0x00000000ff900000, 0x00000000ffa00000, 0x00000000ffa00000|100%| O|  |TAMS 0x00000000ff900000| PB 0x00000000ff900000| Untracked |  0
|2042|0x00000000ffa00000, 0x00000000ffb00000, 0x00000000ffb00000|100%| O|  |TAMS 0x00000000ffa00000| PB 0x00000000ffa00000| Untracked |  0
|2043|0x00000000ffb00000, 0x00000000ffc00000, 0x00000000ffc00000|100%| O|  |TAMS 0x00000000ffb00000| PB 0x00000000ffb00000| Untracked |  0
|2044|0x00000000ffc00000, 0x00000000ffd00000, 0x00000000ffd00000|100%| O|  |TAMS 0x00000000ffc00000| PB 0x00000000ffc00000| Untracked |  0
|2045|0x00000000ffd00000, 0x00000000ffe00000, 0x00000000ffe00000|100%| O|  |TAMS 0x00000000ffd00000| PB 0x00000000ffd00000| Untracked |  0
|2046|0x00000000ffe00000, 0x00000000fff00000, 0x00000000fff00000|100%| O|  |TAMS 0x00000000ffe00000| PB 0x00000000ffe00000| Untracked |  0
|2047|0x00000000fff00000, 0x0000000100000000, 0x0000000100000000|100%| E|CS|TAMS 0x00000000fff00000| PB 0x00000000fff00000| Complete |  0

Card table byte_map: [0x00000127ef000000,0x00000127ef400000] _byte_map_base: 0x00000127eec00000

Marking Bits: (CMBitMap*) 0x00000127d6a4f6c0
 Bits: [0x00000127ef400000, 0x00000127f1400000)

Polling page: 0x00000127d4840000

Metaspace:
Metaspace        used 129513K, committed 131840K, reserved 1179648K
 class space     used 13696K, committed 14784K, reserved 1048576K

Usage:
  Non-class:    113.10 MB used.
      Class:     13.38 MB used.
       Both:    126.48 MB used.

Virtual space:
  Non-class space:      128.00 MB reserved,     114.31 MB ( 89%) committed,  2 nodes.
      Class space:        1.00 GB reserved,      14.44 MB (  1%) committed,  1 nodes.
             Both:        1.12 GB reserved,     128.75 MB ( 11%) committed. 

Chunk freelists:
   Non-Class:  12.84 MB
       Class:  1.58 MB
        Both:  14.42 MB

MaxMetaspaceSize: unlimited
CompressedClassSpaceSize: 1.00 GB
Initial GC threshold: 21.00 MB
Current GC threshold: 196.69 MB
CDS: on
 - commit_granule_bytes: 65536.
 - commit_granule_words: 8192.
 - virtual_space_node_default_size: 8388608.
 - enlarge_chunks_in_place: 1.
UseCompressedClassPointers 1, UseCompactObjectHeaders 0
Narrow klass pointer bits 32, Max shift 3
Narrow klass base: 0x0000000028000000, Narrow klass shift: 0
Encoding Range: [0x0000000028000000 - 0x0000000128000000), (4294967296 bytes)
Klass Range:    [0x0000000028010000 - 0x0000000069000000), (1090453504 bytes)
Klass ID Range:  [65536 - 1090519033) (1090453497)
Protection zone: [0x0000000028000000 - 0x0000000028010000), (65536 bytes)


Internal statistics:

num_allocs_failed_limit: 9.
num_arena_births: 4082.
num_arena_deaths: 14.
num_vsnodes_births: 3.
num_vsnodes_deaths: 0.
num_space_committed: 2060.
num_space_uncommitted: 0.
num_chunks_returned_to_freelist: 41.
num_chunks_taken_from_freelist: 9361.
num_chunk_merges: 11.
num_chunk_splits: 6607.
num_chunks_enlarged: 4715.
num_inconsistent_stats: 0.

CodeHeap 'non-profiled nmethods': size=119232Kb used=6360Kb max_used=6360Kb free=112872Kb
 bounds [0x00000127e6e00000, 0x00000127e7440000, 0x00000127ee270000]
CodeHeap 'profiled nmethods': size=119104Kb used=23157Kb max_used=23157Kb free=95946Kb
 bounds [0x00000127df270000, 0x00000127e0910000, 0x00000127e66c0000]
CodeHeap 'non-nmethods': size=7424Kb used=3888Kb max_used=4011Kb free=3535Kb
 bounds [0x00000127e66c0000, 0x00000127e6ad0000, 0x00000127e6e00000]
CodeCache: size=245760Kb, used=33405Kb, max_used=33528Kb, free=212353Kb
 total_blobs=15912, nmethods=14877, adapters=933, full_count=0
Compilation: enabled, stopped_count=0, restarted_count=0

Compilation events (20 events):
Event: 13.634 Thread 0x00000127f413c3f0 17247       3       org.jetbrains.kotlin.types.model.TypeSystemContext::typeConstructor (32 bytes)
Event: 13.634 Thread 0x00000127f4523f80 17248       3       org.jetbrains.kotlin.resolve.calls.inference.model.NewConstraintSystemImpl::isIntersection (17 bytes)
Event: 13.634 Thread 0x00000127f98fd270 nmethod 17246 0x00000127e0826908 code [0x00000127e0826a00, 0x00000127e08270c0]
Event: 13.634 Thread 0x00000127f98fd270 17249       3       org.jetbrains.kotlin.fir.types.ConeTypeContext::isIntersection (11 bytes)
Event: 13.635 Thread 0x00000127f4523f80 nmethod 17248 0x00000127e0827108 code [0x00000127e0827200, 0x00000127e08278c8]
Event: 13.635 Thread 0x00000127f4523f80 17251       3       org.jetbrains.kotlin.types.TypeCheckerState::<init> (65 bytes)
Event: 13.635 Thread 0x00000127f413c3f0 nmethod 17247 0x00000127e0827908 code [0x00000127e0827a00, 0x00000127e0828280]
Event: 13.635 Thread 0x00000127f413c3f0 17250       1       org.jetbrains.kotlin.fir.declarations.impl.FirPropertyImpl::getStatus (5 bytes)
Event: 13.635 Thread 0x00000127f413c3f0 nmethod 17250 0x00000127e7424008 code [0x00000127e7424100, 0x00000127e74241c8]
Event: 13.635 Thread 0x00000127f98fd270 nmethod 17249 0x00000127e0828308 code [0x00000127e0828400, 0x00000127e0828aa8]
Event: 13.635 Thread 0x00000127f413c3f0 17252       3       org.jetbrains.kotlin.fir.resolve.calls.tower.TowerGroup$Companion::subscript (269 bytes)
Event: 13.635 Thread 0x00000127f98fd270 17253       3       org.jetbrains.kotlin.fir.resolve.calls.tower.TowerGroup::access$getKIND_SIZE_BITS$cp (4 bytes)
Event: 13.635 Thread 0x00000127f98fd270 nmethod 17253 0x00000127e0828b08 code [0x00000127e0828c00, 0x00000127e0828cf0]
Event: 13.635 Thread 0x00000127f98fd270 17254       3       org.jetbrains.kotlin.fir.resolve.calls.tower.TowerGroup::access$getUSABLE_BITS$cp (4 bytes)
Event: 13.635 Thread 0x00000127f98fd270 nmethod 17254 0x00000127e0828e08 code [0x00000127e0828f00, 0x00000127e0828ff0]
Event: 13.635 Thread 0x00000127f98fd270 17255       3       org.jetbrains.kotlin.fir.resolve.calls.tower.TowerGroup::access$getEMPTY_KIND_ARRAY$cp (4 bytes)
Event: 13.635 Thread 0x00000127f98fd270 nmethod 17255 0x00000127e0829108 code [0x00000127e0829200, 0x00000127e08292f0]
Event: 13.635 Thread 0x00000127f98fd270 17256       3       org.jetbrains.kotlin.fir.resolve.calls.tower.TowerGroup::kindOf (35 bytes)
Event: 13.635 Thread 0x00000127f4523f80 nmethod 17251 0x00000127e0829408 code [0x00000127e0829500, 0x00000127e082a658]
Event: 13.635 Thread 0x00000127f4523f80 17257       3       org.jetbrains.kotlin.fir.resolve.calls.tower.TowerGroup$Companion::access$subscript (7 bytes)

GC Heap Usage History (20 events):
Event: 9.979 {heap Before GC invocations=27 (full 0):
 garbage-first heap   total reserved 2097152K, committed 187392K, used 162546K [0x0000000080000000, 0x0000000100000000)
  region size 1024K, 57 young (58368K), 6 survivors (6144K)
}
Event: 9.982 {heap After GC invocations=28 (full 0):
 garbage-first heap   total reserved 2097152K, committed 187392K, used 103841K [0x0000000080000000, 0x0000000100000000)
  region size 1024K, 6 young (6144K), 6 survivors (6144K)
}
Event: 10.558 {heap Before GC invocations=28 (full 0):
 garbage-first heap   total reserved 2097152K, committed 187392K, used 158113K [0x0000000080000000, 0x0000000100000000)
  region size 1024K, 60 young (61440K), 6 survivors (6144K)
}
Event: 10.561 {heap After GC invocations=29 (full 0):
 garbage-first heap   total reserved 2097152K, committed 187392K, used 105430K [0x0000000080000000, 0x0000000100000000)
  region size 1024K, 4 young (4096K), 4 survivors (4096K)
}
Event: 11.070 {heap Before GC invocations=30 (full 0):
 garbage-first heap   total reserved 2097152K, committed 187392K, used 162774K [0x0000000080000000, 0x0000000100000000)
  region size 1024K, 60 young (61440K), 4 survivors (4096K)
}
Event: 11.073 {heap After GC invocations=31 (full 0):
 garbage-first heap   total reserved 2097152K, committed 187392K, used 106268K [0x0000000080000000, 0x0000000100000000)
  region size 1024K, 5 young (5120K), 5 survivors (5120K)
}
Event: 11.545 {heap Before GC invocations=31 (full 0):
 garbage-first heap   total reserved 2097152K, committed 187392K, used 166684K [0x0000000080000000, 0x0000000100000000)
  region size 1024K, 64 young (65536K), 5 survivors (5120K)
}
Event: 11.548 {heap After GC invocations=32 (full 0):
 garbage-first heap   total reserved 2097152K, committed 187392K, used 110840K [0x0000000080000000, 0x0000000100000000)
  region size 1024K, 8 young (8192K), 8 survivors (8192K)
}
Event: 11.632 {heap Before GC invocations=32 (full 0):
 garbage-first heap   total reserved 2097152K, committed 187392K, used 167160K [0x0000000080000000, 0x0000000100000000)
  region size 1024K, 63 young (64512K), 8 survivors (8192K)
}
Event: 11.641 {heap After GC invocations=33 (full 0):
 garbage-first heap   total reserved 2097152K, committed 199680K, used 134307K [0x0000000080000000, 0x0000000100000000)
  region size 1024K, 8 young (8192K), 8 survivors (8192K)
}
Event: 11.875 {heap Before GC invocations=34 (full 0):
 garbage-first heap   total reserved 2097152K, committed 227328K, used 174243K [0x0000000080000000, 0x0000000100000000)
  region size 1024K, 46 young (47104K), 8 survivors (8192K)
}
Event: 11.880 {heap After GC invocations=35 (full 0):
 garbage-first heap   total reserved 2097152K, committed 227328K, used 147207K [0x0000000080000000, 0x0000000100000000)
  region size 1024K, 6 young (6144K), 6 survivors (6144K)
}
Event: 12.241 {heap Before GC invocations=35 (full 0):
 garbage-first heap   total reserved 2097152K, committed 227328K, used 193287K [0x0000000080000000, 0x0000000100000000)
  region size 1024K, 51 young (52224K), 6 survivors (6144K)
}
Event: 12.244 {heap After GC invocations=36 (full 0):
 garbage-first heap   total reserved 2097152K, committed 227328K, used 152670K [0x0000000080000000, 0x0000000100000000)
  region size 1024K, 5 young (5120K), 5 survivors (5120K)
}
Event: 12.584 {heap Before GC invocations=36 (full 0):
 garbage-first heap   total reserved 2097152K, committed 227328K, used 196702K [0x0000000080000000, 0x0000000100000000)
  region size 1024K, 49 young (50176K), 5 survivors (5120K)
}
Event: 12.587 {heap After GC invocations=37 (full 0):
 garbage-first heap   total reserved 2097152K, committed 227328K, used 154626K [0x0000000080000000, 0x0000000100000000)
  region size 1024K, 2 young (2048K), 2 survivors (2048K)
}
Event: 12.905 {heap Before GC invocations=38 (full 0):
 garbage-first heap   total reserved 2097152K, committed 260096K, used 200706K [0x0000000080000000, 0x0000000100000000)
  region size 1024K, 48 young (49152K), 2 survivors (2048K)
}
Event: 12.908 {heap After GC invocations=39 (full 0):
 garbage-first heap   total reserved 2097152K, committed 260096K, used 159492K [0x0000000080000000, 0x0000000100000000)
  region size 1024K, 6 young (6144K), 6 survivors (6144K)
}
Event: 13.425 {heap Before GC invocations=39 (full 0):
 garbage-first heap   total reserved 2097152K, committed 260096K, used 225028K [0x0000000080000000, 0x0000000100000000)
  region size 1024K, 69 young (70656K), 6 survivors (6144K)
}
Event: 13.430 {heap After GC invocations=40 (full 0):
 garbage-first heap   total reserved 2097152K, committed 260096K, used 167379K [0x0000000080000000, 0x0000000100000000)
  region size 1024K, 9 young (9216K), 9 survivors (9216K)
}

Metaspace Usage History (20 events):
Event: 9.979 {metaspace Before GC invocations=27 (full 0):
 Metaspace       used 88272K, committed 90496K, reserved 1179648K
  class space    used 9960K, committed 11008K, reserved 1048576K
}
Event: 9.982 {metaspace After GC invocations=28 (full 0):
 Metaspace       used 88272K, committed 90496K, reserved 1179648K
  class space    used 9960K, committed 11008K, reserved 1048576K
}
Event: 10.558 {metaspace Before GC invocations=28 (full 0):
 Metaspace       used 91948K, committed 94208K, reserved 1179648K
  class space    used 10325K, committed 11392K, reserved 1048576K
}
Event: 10.561 {metaspace After GC invocations=29 (full 0):
 Metaspace       used 91948K, committed 94208K, reserved 1179648K
  class space    used 10325K, committed 11392K, reserved 1048576K
}
Event: 11.070 {metaspace Before GC invocations=30 (full 0):
 Metaspace       used 97397K, committed 99648K, reserved 1179648K
  class space    used 10787K, committed 11840K, reserved 1048576K
}
Event: 11.073 {metaspace After GC invocations=31 (full 0):
 Metaspace       used 97397K, committed 99648K, reserved 1179648K
  class space    used 10787K, committed 11840K, reserved 1048576K
}
Event: 11.545 {metaspace Before GC invocations=31 (full 0):
 Metaspace       used 104635K, committed 107008K, reserved 1179648K
  class space    used 11450K, committed 12544K, reserved 1048576K
}
Event: 11.548 {metaspace After GC invocations=32 (full 0):
 Metaspace       used 104635K, committed 107008K, reserved 1179648K
  class space    used 11450K, committed 12544K, reserved 1048576K
}
Event: 11.632 {metaspace Before GC invocations=32 (full 0):
 Metaspace       used 104668K, committed 107008K, reserved 1179648K
  class space    used 11453K, committed 12544K, reserved 1048576K
}
Event: 11.641 {metaspace After GC invocations=33 (full 0):
 Metaspace       used 104668K, committed 107008K, reserved 1179648K
  class space    used 11453K, committed 12544K, reserved 1048576K
}
Event: 11.875 {metaspace Before GC invocations=34 (full 0):
 Metaspace       used 106462K, committed 108736K, reserved 1179648K
  class space    used 11609K, committed 12672K, reserved 1048576K
}
Event: 11.880 {metaspace After GC invocations=35 (full 0):
 Metaspace       used 106462K, committed 108736K, reserved 1179648K
  class space    used 11609K, committed 12672K, reserved 1048576K
}
Event: 12.241 {metaspace Before GC invocations=35 (full 0):
 Metaspace       used 111552K, committed 113856K, reserved 1179648K
  class space    used 12044K, committed 13120K, reserved 1048576K
}
Event: 12.244 {metaspace After GC invocations=36 (full 0):
 Metaspace       used 111552K, committed 113856K, reserved 1179648K
  class space    used 12044K, committed 13120K, reserved 1048576K
}
Event: 12.584 {metaspace Before GC invocations=36 (full 0):
 Metaspace       used 117756K, committed 120128K, reserved 1179648K
  class space    used 12526K, committed 13632K, reserved 1048576K
}
Event: 12.587 {metaspace After GC invocations=37 (full 0):
 Metaspace       used 117756K, committed 120128K, reserved 1179648K
  class space    used 12526K, committed 13632K, reserved 1048576K
}
Event: 12.905 {metaspace Before GC invocations=38 (full 0):
 Metaspace       used 122463K, committed 124736K, reserved 1179648K
  class space    used 12951K, committed 14016K, reserved 1048576K
}
Event: 12.908 {metaspace After GC invocations=39 (full 0):
 Metaspace       used 122463K, committed 124736K, reserved 1179648K
  class space    used 12951K, committed 14016K, reserved 1048576K
}
Event: 13.425 {metaspace Before GC invocations=39 (full 0):
 Metaspace       used 127748K, committed 130048K, reserved 1179648K
  class space    used 13527K, committed 14592K, reserved 1048576K
}
Event: 13.430 {metaspace After GC invocations=40 (full 0):
 Metaspace       used 127748K, committed 130048K, reserved 1179648K
  class space    used 13527K, committed 14592K, reserved 1048576K
}

Dll operation events (14 events):
Event: 0.011 Loaded shared library C:\Program Files\Java\jdk-25\bin\java.dll
Event: 0.056 Loaded shared library C:\Program Files\Java\jdk-25\bin\zip.dll
Event: 0.060 Loaded shared library C:\Program Files\Java\jdk-25\bin\instrument.dll
Event: 0.064 Loaded shared library C:\Program Files\Java\jdk-25\bin\net.dll
Event: 0.066 Loaded shared library C:\Program Files\Java\jdk-25\bin\nio.dll
Event: 0.069 Loaded shared library C:\Program Files\Java\jdk-25\bin\zip.dll
Event: 0.220 Loaded shared library C:\Program Files\Java\jdk-25\bin\jimage.dll
Event: 0.364 Loaded shared library C:\Program Files\Java\jdk-25\bin\verify.dll
Event: 0.384 Loaded shared library C:\Users\rafed\.gradle\native\660c5614fbf4a5f2a75b1949f50a0caf5cd603558e7d8a26e50b933a0cfb79d1\windows-amd64\native-platform.dll
Event: 0.392 Loaded shared library C:\Users\rafed\.gradle\native\0.2.8\x86_64-windows-gnu\gradle-fileevents.dll
Event: 1.081 Loaded shared library C:\Program Files\Java\jdk-25\bin\management.dll
Event: 1.084 Loaded shared library C:\Program Files\Java\jdk-25\bin\management_ext.dll
Event: 1.200 Loaded shared library C:\Program Files\Java\jdk-25\bin\extnet.dll
Event: 1.359 Loaded shared library C:\Program Files\Java\jdk-25\bin\sunmscapi.dll

Deoptimization events (20 events):
Event: 13.436 Thread 0x00000127fb0a2d10 DEOPT PACKING pc=0x00000127e0786ea9 sp=0x000000245dcef570
Event: 13.436 Thread 0x00000127fb0a2d10 DEOPT UNPACKING pc=0x00000127e6711702 sp=0x000000245dcee9d8 mode 0
Event: 13.439 Thread 0x00000127fb0a2d10 DEOPT PACKING pc=0x00000127e0786ea9 sp=0x000000245dcef570
Event: 13.439 Thread 0x00000127fb0a2d10 DEOPT UNPACKING pc=0x00000127e6711702 sp=0x000000245dcee9d8 mode 0
Event: 13.441 Thread 0x00000127fb0a2d10 DEOPT PACKING pc=0x00000127e0786ea9 sp=0x000000245dcef570
Event: 13.441 Thread 0x00000127fb0a2d10 DEOPT UNPACKING pc=0x00000127e6711702 sp=0x000000245dcee9d8 mode 0
Event: 13.445 Thread 0x00000127fb0a2d10 DEOPT PACKING pc=0x00000127e0786ea9 sp=0x000000245dcef570
Event: 13.445 Thread 0x00000127fb0a2d10 DEOPT UNPACKING pc=0x00000127e6711702 sp=0x000000245dcee9d8 mode 0
Event: 13.446 Thread 0x00000127fb0a2d10 DEOPT PACKING pc=0x00000127e0786ea9 sp=0x000000245dcef570
Event: 13.446 Thread 0x00000127fb0a2d10 DEOPT UNPACKING pc=0x00000127e6711702 sp=0x000000245dcee9d8 mode 0
Event: 13.449 Thread 0x00000127fb0a2d10 DEOPT PACKING pc=0x00000127e0786ea9 sp=0x000000245dcef570
Event: 13.449 Thread 0x00000127fb0a2d10 DEOPT UNPACKING pc=0x00000127e6711702 sp=0x000000245dcee9d8 mode 0
Event: 13.450 Thread 0x00000127fb0a2d10 DEOPT PACKING pc=0x00000127e0786ea9 sp=0x000000245dcef570
Event: 13.450 Thread 0x00000127fb0a2d10 DEOPT UNPACKING pc=0x00000127e6711702 sp=0x000000245dcee9d8 mode 0
Event: 13.453 Thread 0x00000127fb0a2d10 DEOPT PACKING pc=0x00000127e0786ea9 sp=0x000000245dcef570
Event: 13.453 Thread 0x00000127fb0a2d10 DEOPT UNPACKING pc=0x00000127e6711702 sp=0x000000245dcee9d8 mode 0
Event: 13.529 Thread 0x00000127fb0a2d10 Uncommon trap: trap_request=0xffffff45 fr.pc=0x00000127e72d4e6c relative=0x000000000000076c
Event: 13.529 Thread 0x00000127fb0a2d10 Uncommon trap: reason=unstable_if action=reinterpret pc=0x00000127e72d4e6c method=java.util.concurrent.ConcurrentHashMap.replaceNode(Ljava/lang/Object;Ljava/lang/Object;Ljava/lang/Object;)Ljava/lang/Object; @ 167 c2
Event: 13.529 Thread 0x00000127fb0a2d10 DEOPT PACKING pc=0x00000127e72d4e6c sp=0x000000245dcef7c0
Event: 13.529 Thread 0x00000127fb0a2d10 DEOPT UNPACKING pc=0x00000127e67df582 sp=0x000000245dcef748 mode 2

Classes loaded (20 events):
Event: 11.517 Loading class java/beans/ChangeListenerMap done
Event: 11.517 Loading class java/beans/PropertyChangeSupport$PropertyChangeListenerMap done
Event: 11.517 Loading class java/beans/PropertyChangeListener
Event: 11.517 Loading class java/beans/PropertyChangeListener done
Event: 11.710 Loading class java/util/regex/Pattern$Bound
Event: 11.710 Loading class java/util/regex/Pattern$Bound done
Event: 12.587 Loading class java/text/StringCharacterIterator
Event: 12.587 Loading class java/text/CharacterIterator
Event: 12.587 Loading class java/text/CharacterIterator done
Event: 12.587 Loading class java/text/StringCharacterIterator done
Event: 12.712 Loading class java/util/PriorityQueue
Event: 12.713 Loading class java/util/PriorityQueue done
Event: 13.262 Loading class java/util/EnumMap$EntrySet
Event: 13.263 Loading class java/util/EnumMap$EntrySet done
Event: 13.263 Loading class java/util/EnumMap$EntryIterator
Event: 13.263 Loading class java/util/EnumMap$EnumMapIterator
Event: 13.263 Loading class java/util/EnumMap$EnumMapIterator done
Event: 13.263 Loading class java/util/EnumMap$EntryIterator done
Event: 13.263 Loading class java/util/EnumMap$EntryIterator$Entry
Event: 13.263 Loading class java/util/EnumMap$EntryIterator$Entry done

Classes unloaded (20 events):
Event: 7.519 Thread 0x00000127f410ba40 Unloading class 0x0000000029631000 '_BuildScript_'
Event: 7.519 Thread 0x00000127f410ba40 Unloading class 0x000000002962f8f0 '_BuildScript_$_run_closure1$_closure2'
Event: 7.519 Thread 0x00000127f410ba40 Unloading class 0x000000002962f500 '_BuildScript_$_run_closure1'
Event: 7.519 Thread 0x00000127f410ba40 Unloading class 0x000000002962f000 '_BuildScript_'
Event: 7.519 Thread 0x00000127f410ba40 Unloading class 0x000000002962d3f8 '_BuildScript_$_run_closure1$_closure2$_closure3$_closure4'
Event: 7.519 Thread 0x00000127f410ba40 Unloading class 0x000000002962d000 '_BuildScript_$_run_closure1$_closure2$_closure3'
Event: 7.519 Thread 0x00000127f410ba40 Unloading class 0x000000002962c8f0 '_BuildScript_$_run_closure1$_closure2'
Event: 7.519 Thread 0x00000127f410ba40 Unloading class 0x000000002962c500 '_BuildScript_$_run_closure1'
Event: 7.519 Thread 0x00000127f410ba40 Unloading class 0x000000002962c000 '_BuildScript_'
Event: 7.519 Thread 0x00000127f410ba40 Unloading class 0x000000002962a3f8 '_BuildScript_$_run_closure1$_closure2$_closure4$_closure5'
Event: 7.519 Thread 0x00000127f410ba40 Unloading class 0x000000002962a000 '_BuildScript_$_run_closure1$_closure2$_closure4'
Event: 7.519 Thread 0x00000127f410ba40 Unloading class 0x0000000029628c00 '_BuildScript_$_run_closure1$_closure2$_closure3'
Event: 7.519 Thread 0x00000127f410ba40 Unloading class 0x00000000296298f0 '_BuildScript_$_run_closure1$_closure2'
Event: 7.519 Thread 0x00000127f410ba40 Unloading class 0x0000000029629500 '_BuildScript_$_run_closure1'
Event: 7.519 Thread 0x00000127f410ba40 Unloading class 0x0000000029629000 '_BuildScript_'
Event: 7.519 Thread 0x00000127f410ba40 Unloading class 0x0000000029622000 '_BuildScript_$_run_closure1$_closure2$_closure3$_closure4'
Event: 7.519 Thread 0x00000127f410ba40 Unloading class 0x0000000029620c00 '_BuildScript_$_run_closure1$_closure2$_closure3'
Event: 7.519 Thread 0x00000127f410ba40 Unloading class 0x00000000296218f0 '_BuildScript_$_run_closure1$_closure2'
Event: 7.519 Thread 0x00000127f410ba40 Unloading class 0x0000000029621500 '_BuildScript_$_run_closure1'
Event: 7.519 Thread 0x00000127f410ba40 Unloading class 0x0000000029621000 '_BuildScript_'

Classes redefined (0 events):
No events

Internal exceptions (20 events):
Event: 10.929 Thread 0x00000127fb0a2d10 Exception <a 'java/lang/NoSuchMethodError'{0x0000000087e46aa8}: 'void java.lang.invoke.DelegatingMethodHandle$Holder.reinvoke_L(java.lang.Object, java.lang.Object, java.lang.Object, long, java.lang.Object, long, long)'> (0x0000000087e46aa8) 
thrown [s\open\src\hotspot\share\interpreter\linkResolver.cpp, line 804]
Event: 10.929 Thread 0x00000127fb0a2d10 Exception <a 'java/lang/NoSuchMethodError'{0x0000000087e586b0}: 'long java.lang.invoke.Invokers$Holder.invokeExact_MT(java.lang.Object, java.lang.Object, java.lang.Object)'> (0x0000000087e586b0) 
thrown [s\open\src\hotspot\share\interpreter\linkResolver.cpp, line 804]
Event: 10.969 Thread 0x00000127fb0a2d10 Exception <a 'java/lang/NoSuchMethodError'{0x0000000087bec6b8}: 'java.lang.Object java.lang.invoke.DirectMethodHandle$Holder.invokeStatic(java.lang.Object, java.lang.Object, int, java.lang.Object, int)'> (0x0000000087bec6b8) 
thrown [s\open\src\hotspot\share\interpreter\linkResolver.cpp, line 804]
Event: 11.061 Thread 0x00000127fb0a2d10 Exception <a 'sun/nio/fs/WindowsException'{0x0000000087117fc8}> (0x0000000087117fc8) 
thrown [s\open\src\hotspot\share\prims\jni.cpp, line 516]
Event: 11.308 Thread 0x00000127fb0a2d10 Exception <a 'java/lang/NoSuchMethodError'{0x0000000088e3be78}: 'java.lang.Object java.lang.invoke.DirectMethodHandle$Holder.invokeStatic(java.lang.Object, java.lang.Object, java.lang.Object, java.lang.Object, int, java.lang.Object)'> (0x0000000088e3be78) 
thrown [s\open\src\hotspot\share\interpreter\linkResolver.cpp, line 804]
Event: 11.321 Thread 0x00000127fb0a2d10 Exception <a 'java/lang/NoSuchMethodError'{0x0000000088d7d4d0}: 'long java.lang.invoke.DirectMethodHandle$Holder.invokeStatic(java.lang.Object, java.lang.Object, int)'> (0x0000000088d7d4d0) 
thrown [s\open\src\hotspot\share\interpreter\linkResolver.cpp, line 804]
Event: 11.321 Thread 0x00000127fb0a2d10 Exception <a 'java/lang/NoSuchMethodError'{0x0000000088d8f128}: 'long java.lang.invoke.DelegatingMethodHandle$Holder.reinvoke_L(java.lang.Object, java.lang.Object, int)'> (0x0000000088d8f128) 
thrown [s\open\src\hotspot\share\interpreter\linkResolver.cpp, line 804]
Event: 11.321 Thread 0x00000127fb0a2d10 Exception <a 'java/lang/NoSuchMethodError'{0x0000000088da8db0}: 'java.lang.Object java.lang.invoke.DelegatingMethodHandle$Holder.reinvoke_L(java.lang.Object, int, long, java.lang.Object, java.lang.Object, int, java.lang.Object)'> (0x0000000088da8db0) 
thrown [s\open\src\hotspot\share\interpreter\linkResolver.cpp, line 804]
Event: 11.509 Thread 0x00000127fb0a2d10 Exception <a 'java/lang/IncompatibleClassChangeError'{0x000000008754b528}: Found class java.lang.Object, but interface was expected> (0x000000008754b528) 
thrown [s\open\src\hotspot\share\interpreter\linkResolver.cpp, line 871]
Event: 11.522 Thread 0x00000127fb0a2d10 Exception <a 'java/lang/NoSuchMethodError'{0x00000000874b4bf0}: 'java.lang.Object java.lang.invoke.DirectMethodHandle$Holder.invokeStatic(java.lang.Object, java.lang.Object, long, long)'> (0x00000000874b4bf0) 
thrown [s\open\src\hotspot\share\interpreter\linkResolver.cpp, line 804]
Event: 11.526 Thread 0x00000127fb0a2d10 Exception <a 'java/lang/NoSuchMethodError'{0x000000008730a2d0}: 'java.lang.Object java.lang.invoke.DirectMethodHandle$Holder.invokeStatic(java.lang.Object, java.lang.Object, java.lang.Object, long, java.lang.Object)'> (0x000000008730a2d0) 
thrown [s\open\src\hotspot\share\interpreter\linkResolver.cpp, line 804]
Event: 11.526 Thread 0x00000127fb0a2d10 Exception <a 'java/lang/NoSuchMethodError'{0x000000008731c448}: 'java.lang.Object java.lang.invoke.DirectMethodHandle$Holder.newInvokeSpecial(java.lang.Object, java.lang.Object, java.lang.Object, long)'> (0x000000008731c448) 
thrown [s\open\src\hotspot\share\interpreter\linkResolver.cpp, line 804]
Event: 11.526 Thread 0x00000127fb0a2d10 Exception <a 'java/lang/NoSuchMethodError'{0x0000000087326140}: 'java.lang.Object java.lang.invoke.Invokers$Holder.linkToTargetMethod(java.lang.Object, java.lang.Object, long, java.lang.Object)'> (0x0000000087326140) 
thrown [s\open\src\hotspot\share\interpreter\linkResolver.cpp, line 804]
Event: 11.587 Thread 0x00000127fb0a2d10 Implicit null exception at 0x00000127e71fdc04 to 0x00000127e71fe004
Event: 11.592 Thread 0x00000127fb0a2d10 Implicit null exception at 0x00000127e738632b to 0x00000127e738673c
Event: 12.460 Thread 0x00000127fb0a2d10 Exception <a 'java/lang/NoSuchMethodError'{0x000000008a8e2d58}: 'int java.lang.invoke.DirectMethodHandle$Holder.invokeStaticInit(java.lang.Object, int)'> (0x000000008a8e2d58) 
thrown [s\open\src\hotspot\share\interpreter\linkResolver.cpp, line 804]
Event: 13.223 Thread 0x00000127fb0a2d10 Exception <a 'java/lang/NoSuchMethodError'{0x000000008c2ba030}: 'java.lang.Object java.lang.invoke.Invokers$Holder.invokeExact_MT(java.lang.Object, java.lang.Object, long, java.lang.Object)'> (0x000000008c2ba030) 
thrown [s\open\src\hotspot\share\interpreter\linkResolver.cpp, line 804]
Event: 13.244 Thread 0x00000127fb0a2d10 Implicit null exception at 0x00000127e702f2ad to 0x00000127e702fba0
Event: 13.568 Thread 0x00000127fb0a2d10 Exception <a 'java/lang/NoSuchMethodError'{0x000000008c868eb8}: 'java.lang.Object java.lang.invoke.DirectMethodHandle$Holder.invokeStatic(java.lang.Object, java.lang.Object, java.lang.Object, java.lang.Object, int, java.lang.Object, java.lang.Object)'> (0x000000008c868eb8) 
thrown [s\open\src\hotspot\share\interpreter\linkResolver.cpp, line 804]
Event: 13.569 Thread 0x00000127fb0a2d10 Exception <a 'java/lang/NoSuchMethodError'{0x000000008c87cdd8}: 'java.lang.Object java.lang.invoke.DirectMethodHandle$Holder.newInvokeSpecial(java.lang.Object, java.lang.Object, java.lang.Object, java.lang.Object, int, java.lang.Object, java.lang.Object)'> (0x000000008c87cdd8) 
thrown [s\open\src\hotspot\share\interpreter\linkResolver.cpp, line 804]

VM Operations (20 events):
Event: 12.543 Executing non-safepoint VM operation: HandshakeAllThreads (Deoptimize)
Event: 12.543 Executing non-safepoint VM operation: HandshakeAllThreads (Deoptimize) done
Event: 12.584 Executing safepoint VM operation: G1CollectForAllocation (G1 Evacuation Pause)
Event: 12.587 Executing safepoint VM operation: G1CollectForAllocation (G1 Evacuation Pause) done
Event: 12.638 Executing safepoint VM operation: G1PauseRemark
Event: 12.642 Executing safepoint VM operation: G1PauseRemark done
Event: 12.659 Executing safepoint VM operation: G1PauseCleanup
Event: 12.659 Executing safepoint VM operation: G1PauseCleanup done
Event: 12.905 Executing safepoint VM operation: G1CollectForAllocation (G1 Evacuation Pause)
Event: 12.908 Executing safepoint VM operation: G1CollectForAllocation (G1 Evacuation Pause) done
Event: 13.086 Executing non-safepoint VM operation: HandshakeAllThreads (Deoptimize)
Event: 13.086 Executing non-safepoint VM operation: HandshakeAllThreads (Deoptimize) done
Event: 13.208 Executing non-safepoint VM operation: HandshakeAllThreads (Deoptimize)
Event: 13.208 Executing non-safepoint VM operation: HandshakeAllThreads (Deoptimize) done
Event: 13.257 Executing non-safepoint VM operation: HandshakeAllThreads (Deoptimize)
Event: 13.257 Executing non-safepoint VM operation: HandshakeAllThreads (Deoptimize) done
Event: 13.294 Executing non-safepoint VM operation: HandshakeAllThreads (Deoptimize)
Event: 13.295 Executing non-safepoint VM operation: HandshakeAllThreads (Deoptimize) done
Event: 13.425 Executing safepoint VM operation: G1CollectForAllocation (G1 Evacuation Pause)
Event: 13.430 Executing safepoint VM operation: G1CollectForAllocation (G1 Evacuation Pause) done

Memory protections (0 events):
No events

Nmethod flushes (20 events):
Event: 12.641 Thread 0x00000127f410ba40 flushing  nmethod 0x00000127df3f7308
Event: 12.641 Thread 0x00000127f410ba40 flushing  nmethod 0x00000127dfb42888
Event: 12.641 Thread 0x00000127f410ba40 flushing  nmethod 0x00000127e0596608
Event: 12.641 Thread 0x00000127f410ba40 flushing  nmethod 0x00000127e059bf88
Event: 12.641 Thread 0x00000127f410ba40 flushing  nmethod 0x00000127e05a5188
Event: 12.641 Thread 0x00000127f410ba40 flushing  nmethod 0x00000127e0645608
Event: 12.641 Thread 0x00000127f410ba40 flushing  nmethod 0x00000127df2b1d08
Event: 12.641 Thread 0x00000127f410ba40 flushing  nmethod 0x00000127df502f08
Event: 12.641 Thread 0x00000127f410ba40 flushing  nmethod 0x00000127df75ab88
Event: 12.641 Thread 0x00000127f410ba40 flushing  nmethod 0x00000127df75fa08
Event: 12.641 Thread 0x00000127f410ba40 flushing  nmethod 0x00000127dfadf488
Event: 12.641 Thread 0x00000127f410ba40 flushing  nmethod 0x00000127dfadfa88
Event: 12.641 Thread 0x00000127f410ba40 flushing  nmethod 0x00000127dfadff08
Event: 12.641 Thread 0x00000127f410ba40 flushing  nmethod 0x00000127dfae1588
Event: 12.641 Thread 0x00000127f410ba40 flushing  nmethod 0x00000127dfae3108
Event: 12.641 Thread 0x00000127f410ba40 flushing  nmethod 0x00000127dfae3888
Event: 12.641 Thread 0x00000127f410ba40 flushing  nmethod 0x00000127dfae4508
Event: 12.641 Thread 0x00000127f410ba40 flushing  nmethod 0x00000127dffe9108
Event: 12.641 Thread 0x00000127f410ba40 flushing  nmethod 0x00000127e0163a88
Event: 12.641 Thread 0x00000127f410ba40 flushing  nmethod 0x00000127e027e808

Events (20 events):
Event: 9.999 Thread 0x00000127fe0e4df0 Thread exited: 0x00000127fe0e4df0
Event: 10.205 Thread 0x00000127f412c490 Thread added: 0x00000127fe0e9e90
Event: 10.462 Thread 0x00000127fb0a2d10 Thread added: 0x0000012780f754e0
Event: 11.205 Thread 0x00000127fe0e9e90 Thread exited: 0x00000127fe0e9e90
Event: 11.240 Thread 0x00000127fe0e3dd0 Thread exited: 0x00000127fe0e3dd0
Event: 11.500 Thread 0x00000127f98fd270 Thread added: 0x00000127fe0e6e30
Event: 11.501 Thread 0x00000127fe0e6e30 Thread added: 0x00000127fe0eaeb0
Event: 11.503 Thread 0x00000127f412c490 Thread added: 0x00000127fe0ecef0
Event: 11.503 Thread 0x00000127f412c490 Thread added: 0x00000127fb75d470
Event: 11.799 Thread 0x00000127fb75d470 Thread exited: 0x00000127fb75d470
Event: 12.074 Thread 0x00000127fe0ecef0 Thread exited: 0x00000127fe0ecef0
Event: 12.328 Thread 0x00000127fe0eaeb0 Thread exited: 0x00000127fe0eaeb0
Event: 12.328 Thread 0x00000127fe0e6e30 Thread exited: 0x00000127fe0e6e30
Event: 12.745 Thread 0x00000127f413c3f0 Thread added: 0x00000127fe0e6e30
Event: 12.750 Thread 0x00000127f413c3f0 Thread added: 0x00000127fe0eaeb0
Event: 12.754 Thread 0x00000127f98fd270 Thread added: 0x00000127fe0e8e70
Event: 13.213 Thread 0x00000127fe0e8e70 Thread exited: 0x00000127fe0e8e70
Event: 13.456 Thread 0x00000127f98fd270 Thread added: 0x00000127fb7614f0
Event: 13.456 Thread 0x00000127f98fd270 Thread added: 0x00000127fb762d20
Event: 13.456 Thread 0x00000127f98fd270 Thread added: 0x00000127fe536590


Dynamic libraries:
0x00007ff78e9b0000 - 0x00007ff78e9c0000 	C:\Program Files\Java\jdk-25\bin\java.exe
0x00007ffb396c0000 - 0x00007ffb39927000 	C:\WINDOWS\SYSTEM32\ntdll.dll
0x00007ffb37550000 - 0x00007ffb3761b000 	C:\WINDOWS\System32\KERNEL32.DLL
0x00007ffb36a50000 - 0x00007ffb36e52000 	C:\WINDOWS\System32\KERNELBASE.dll
0x00007ffb36e90000 - 0x00007ffb36fdc000 	C:\WINDOWS\System32\ucrtbase.dll
0x00007ffafec80000 - 0x00007ffafec9e000 	C:\Program Files\Java\jdk-25\bin\VCRUNTIME140.dll
0x00007ffaffce0000 - 0x00007ffaffcf7000 	C:\Program Files\Java\jdk-25\bin\jli.dll
0x00007ffb38d00000 - 0x00007ffb38ecf000 	C:\WINDOWS\System32\USER32.dll
0x00007ffb36e60000 - 0x00007ffb36e87000 	C:\WINDOWS\System32\win32u.dll
0x00007ffb37620000 - 0x00007ffb3764b000 	C:\WINDOWS\System32\GDI32.dll
0x00007ffb1b200000 - 0x00007ffb1b490000 	C:\WINDOWS\WinSxS\amd64_microsoft.windows.common-controls_6595b64144ccf1df_6.0.26100.9278_none_3e0d1ba8e3303201\COMCTL32.dll
0x00007ffb37170000 - 0x00007ffb37299000 	C:\WINDOWS\System32\gdi32full.dll
0x00007ffb37330000 - 0x00007ffb373d3000 	C:\WINDOWS\System32\msvcp_win.dll
0x00007ffb373e0000 - 0x00007ffb37489000 	C:\WINDOWS\System32\msvcrt.dll
0x00007ffb37650000 - 0x00007ffb37681000 	C:\WINDOWS\System32\IMM32.DLL
0x00007ffb10d70000 - 0x00007ffb10d7c000 	C:\Program Files\Java\jdk-25\bin\vcruntime140_1.dll
0x00007ffab3a10000 - 0x00007ffab3a9d000 	C:\Program Files\Java\jdk-25\bin\msvcp140.dll
0x00007ffa65db0000 - 0x00007ffa66c0f000 	C:\Program Files\Java\jdk-25\bin\server\jvm.dll
0x00007ffb37690000 - 0x00007ffb3774c000 	C:\WINDOWS\System32\ADVAPI32.dll
0x00007ffb38b10000 - 0x00007ffb38bb9000 	C:\WINDOWS\System32\sechost.dll
0x00007ffb38bc0000 - 0x00007ffb38cd8000 	C:\WINDOWS\System32\RPCRT4.dll
0x00007ffb38910000 - 0x00007ffb38990000 	C:\WINDOWS\System32\WS2_32.dll
0x00007ffb25c40000 - 0x00007ffb25c76000 	C:\WINDOWS\SYSTEM32\WINMM.dll
0x00007ffb2f260000 - 0x00007ffb2f26b000 	C:\WINDOWS\SYSTEM32\VERSION.dll
0x00007ffb36720000 - 0x00007ffb3677e000 	C:\WINDOWS\SYSTEM32\POWRPROF.dll
0x00007ffb36700000 - 0x00007ffb36715000 	C:\WINDOWS\SYSTEM32\UMPDC.dll
0x00007ffb35590000 - 0x00007ffb355ab000 	C:\WINDOWS\SYSTEM32\kernel.appcore.dll
0x00007ffb103f0000 - 0x00007ffb103fa000 	C:\Program Files\Java\jdk-25\bin\jimage.dll
0x00007ffb20c50000 - 0x00007ffb20e9c000 	C:\WINDOWS\SYSTEM32\DBGHELP.DLL
0x00007ffb38320000 - 0x00007ffb386a5000 	C:\WINDOWS\System32\combase.dll
0x00007ffb386b0000 - 0x00007ffb38789000 	C:\WINDOWS\System32\OLEAUT32.dll
0x00007ffb08c50000 - 0x00007ffb08c8b000 	C:\WINDOWS\SYSTEM32\dbgcore.DLL
0x00007ffb370b0000 - 0x00007ffb3715c000 	C:\WINDOWS\System32\bcryptPrimitives.dll
0x00007ffb0b500000 - 0x00007ffb0b510000 	C:\Program Files\Java\jdk-25\bin\instrument.dll
0x00007ffafead0000 - 0x00007ffafeaef000 	C:\Program Files\Java\jdk-25\bin\java.dll
0x00007ffb37c70000 - 0x00007ffb37e0a000 	C:\WINDOWS\System32\ole32.dll
0x00007ffb38ee0000 - 0x00007ffb39678000 	C:\WINDOWS\System32\SHELL32.dll
0x00007ffb342f0000 - 0x00007ffb34b9e000 	C:\WINDOWS\SYSTEM32\windows.storage.dll
0x00007ffb38790000 - 0x00007ffb3888b000 	C:\WINDOWS\System32\SHCORE.dll
0x00007ffb37920000 - 0x00007ffb37986000 	C:\WINDOWS\System32\shlwapi.dll
0x00007ffb367e0000 - 0x00007ffb36809000 	C:\WINDOWS\SYSTEM32\profapi.dll
0x00007ffafeab0000 - 0x00007ffafeac7000 	C:\Program Files\Java\jdk-25\bin\zip.dll
0x00007ffafbac0000 - 0x00007ffafbad2000 	C:\Program Files\Java\jdk-25\bin\net.dll
0x00007ffb35b50000 - 0x00007ffb35bbc000 	C:\WINDOWS\system32\mswsock.dll
0x00007ffafb590000 - 0x00007ffafb5a6000 	C:\Program Files\Java\jdk-25\bin\nio.dll
0x00007ffb0aee0000 - 0x00007ffb0aef0000 	C:\Program Files\Java\jdk-25\bin\verify.dll
0x00007ffb2e3e0000 - 0x00007ffb2e407000 	C:\Users\rafed\.gradle\native\660c5614fbf4a5f2a75b1949f50a0caf5cd603558e7d8a26e50b933a0cfb79d1\windows-amd64\native-platform.dll
0x00007ffb201d0000 - 0x00007ffb20247000 	C:\Users\rafed\.gradle\native\0.2.8\x86_64-windows-gnu\gradle-fileevents.dll
0x00007ffb09c70000 - 0x00007ffb09c7a000 	C:\Program Files\Java\jdk-25\bin\management.dll
0x00007ffb08de0000 - 0x00007ffb08dec000 	C:\Program Files\Java\jdk-25\bin\management_ext.dll
0x00007ffb38a70000 - 0x00007ffb38a78000 	C:\WINDOWS\System32\PSAPI.DLL
0x00007ffb34f10000 - 0x00007ffb34f43000 	C:\WINDOWS\SYSTEM32\IPHLPAPI.DLL
0x00007ffb389a0000 - 0x00007ffb389aa000 	C:\WINDOWS\System32\NSI.dll
0x00007ffb08d70000 - 0x00007ffb08d79000 	C:\Program Files\Java\jdk-25\bin\extnet.dll
0x00007ffb35e40000 - 0x00007ffb35e5b000 	C:\WINDOWS\SYSTEM32\CRYPTSP.dll
0x00007ffb354f0000 - 0x00007ffb35529000 	C:\WINDOWS\system32\rsaenh.dll
0x00007ffb35c00000 - 0x00007ffb35c34000 	C:\WINDOWS\SYSTEM32\USERENV.dll
0x00007ffb367b0000 - 0x00007ffb367da000 	C:\WINDOWS\SYSTEM32\bcrypt.dll
0x00007ffb35e60000 - 0x00007ffb35e6c000 	C:\WINDOWS\SYSTEM32\CRYPTBASE.dll
0x00007ffaffc20000 - 0x00007ffaffc2e000 	C:\Program Files\Java\jdk-25\bin\sunmscapi.dll
0x00007ffb368c0000 - 0x00007ffb36a3e000 	C:\WINDOWS\System32\CRYPT32.dll
0x00007ffb36080000 - 0x00007ffb360b0000 	C:\WINDOWS\SYSTEM32\ncrypt.dll
0x00007ffb36030000 - 0x00007ffb3606f000 	C:\WINDOWS\SYSTEM32\NTASN1.dll
0x00007ffad8af0000 - 0x00007ffad8af8000 	C:\WINDOWS\system32\wshunix.dll
0x00007ffb356c0000 - 0x00007ffb356f6000 	C:\WINDOWS\SYSTEM32\ntmarta.dll

JVMTI agents:
C:\Users\rafed\.gradle\wrapper\dists\gradle-9.6.0-bin\42k10rwplmzkhuboz9kdazi7s\gradle-9.6.0\lib\agents\gradle-instrumentation-agent-9.6.0.jar path:C:\Program Files\Java\jdk-25\bin\instrument.dll, loaded, initialized, instrumentlib options:none

dbghelp: loaded successfully - version: 4.0.5 - missing functions: none
symbol engine: initialized successfully - sym options: 0x614 - pdb path: .;C:\Program Files\Java\jdk-25\bin;C:\WINDOWS\SYSTEM32;C:\WINDOWS\WinSxS\amd64_microsoft.windows.common-controls_6595b64144ccf1df_6.0.26100.9278_none_3e0d1ba8e3303201;C:\Program Files\Java\jdk-25\bin\server;C:\Users\rafed\.gradle\native\660c5614fbf4a5f2a75b1949f50a0caf5cd603558e7d8a26e50b933a0cfb79d1\windows-amd64;C:\Users\rafed\.gradle\native\0.2.8\x86_64-windows-gnu

VM Arguments:
jvm_args: --add-opens=java.base/java.lang=ALL-UNNAMED --add-opens=java.base/java.lang.invoke=ALL-UNNAMED --add-opens=java.base/java.util=ALL-UNNAMED --add-opens=java.prefs/java.util.prefs=ALL-UNNAMED --add-exports=jdk.compiler/com.sun.tools.javac.api=ALL-UNNAMED --add-exports=jdk.compiler/com.sun.tools.javac.util=ALL-UNNAMED --add-opens=java.base/java.nio.charset=ALL-UNNAMED --add-opens=java.base/java.net=ALL-UNNAMED --add-opens=java.base/java.util.concurrent=ALL-UNNAMED --add-opens=java.base/java.util.concurrent.atomic=ALL-UNNAMED --add-opens=java.xml/javax.xml.namespace=ALL-UNNAMED --add-opens=java.base/java.time=ALL-UNNAMED --enable-native-access=ALL-UNNAMED -Xmx2048m -Dfile.encoding=UTF-8 -Duser.country=US -Duser.language=en -Duser.variant -javaagent:C:\Users\rafed\.gradle\wrapper\dists\gradle-9.6.0-bin\42k10rwplmzkhuboz9kdazi7s\gradle-9.6.0\lib\agents\gradle-instrumentation-agent-9.6.0.jar 
java_command: org.gradle.launcher.daemon.bootstrap.GradleDaemon 9.6.0
java_class_path (initial): C:\Users\rafed\.gradle\wrapper\dists\gradle-9.6.0-bin\42k10rwplmzkhuboz9kdazi7s\gradle-9.6.0\lib\gradle-daemon-main-9.6.0.jar
Launcher Type: SUN_STANDARD

[Global flags]
     intx CICompilerCount                          = 12                                        {product} {ergonomic}
     uint ConcGCThreads                            = 3                                         {product} {ergonomic}
     uint G1ConcRefinementThreads                  = 13                                        {product} {ergonomic}
   size_t G1HeapRegionSize                         = 1048576                                   {product} {ergonomic}
   size_t InitialHeapSize                          = 400556032                                 {product} {ergonomic}
   size_t MarkStackSize                            = 4194304                                   {product} {ergonomic}
   size_t MarkStackSizeMax                         = 536870912                                 {product} {ergonomic}
   size_t MaxHeapSize                              = 2147483648                                {product} {command line}
   size_t MaxNewSize                               = 1287651328                                {product} {ergonomic}
   size_t MinHeapDeltaBytes                        = 1048576                                   {product} {ergonomic}
   size_t MinHeapSize                              = 8388608                                   {product} {ergonomic}
    uintx NonNMethodCodeHeapSize                   = 7602176                                {pd product} {ergonomic}
    uintx NonProfiledCodeHeapSize                  = 122093568                              {pd product} {ergonomic}
    uintx ProfiledCodeHeapSize                     = 121962496                              {pd product} {ergonomic}
    uintx ReservedCodeCacheSize                    = 251658240                              {pd product} {ergonomic}
     bool SegmentedCodeCache                       = true                                      {product} {ergonomic}
   size_t SoftMaxHeapSize                          = 2147483648                             {manageable} {ergonomic}
     bool UseCompressedOops                        = true                           {product lp64_product} {ergonomic}
     bool UseG1GC                                  = true                                      {product} {ergonomic}
     bool UseLargePagesIndividualAllocation        = false                                  {pd product} {ergonomic}

Logging:
Log output configuration:
 #0: stdout all=warning uptime,level,tags foldmultilines=false
 #1: stderr all=off uptime,level,tags foldmultilines=false

Release file:
IMPLEMENTOR="Oracle Corporation" 
JAVA_RUNTIME_VERSION="25.0.1+8-LTS-27" 
JAVA_VERSION="25.0.1" 
JAVA_VERSION_DATE="2025-10-21" 
LIBC="default" 
MODULES="java.base java.compiler java.datatransfer java.xml java.prefs java.desktop java.instrument java.logging java.management java.security.sasl java.naming java.rmi java.management.rmi java.net.http java.scripting java.security.jgss java.transaction.xa java.sql java.sql.rowset java.xml.crypto java.se java.smartcardio jdk.accessibility jdk.internal.jvmstat jdk.attach jdk.charsets jdk.internal.opt jdk.zipfs jdk.compiler jdk.crypto.cryptoki jdk.crypto.ec jdk.crypto.mscapi jdk.dynalink jdk.internal.ed jdk.editpad jdk.internal.vm.ci jdk.graal.compiler jdk.graal.compiler.management jdk.hotspot.agent jdk.httpserver jdk.incubator.vector jdk.internal.le jdk.internal.md jdk.jartool jdk.javadoc jdk.jcmd jdk.management jdk.management.agent jdk.jconsole jdk.jdeps jdk.jdwp.agent jdk.jdi jdk.jfr jdk.jlink jdk.jpackage jdk.jshell jdk.jsobject jdk.jstatd jdk.localedata jdk.management.jfr jdk.naming.dns jdk.naming.rmi jdk.net jdk.nio.mapmode jdk.sctp jdk.security.auth jdk.security.jgss jdk.unsupported jdk.unsupported.desktop jdk.xml.dom" 
OS_ARCH="x86_64" 
OS_NAME="Windows" 
SOURCE=".:git:862c85bc42b7 open:git:78770bfaefd2" 

Environment Variables:
JAVA_HOME=C:\Program Files\Java\jdk-25
PATH=C:\Program Files\Common Files\Oracle\Java\javapath;C:\oraclexe\app\oracle\product\11.2.0\server\bin;C:\WINDOWS\system32;C:\WINDOWS;C:\WINDOWS\System32\Wbem;C:\WINDOWS\System32\WindowsPowerShell\v1.0\;C:\WINDOWS\System32\OpenSSH\;C:\Program Files (x86)\NVIDIA Corporation\PhysX\Common;C:\Program Files\nodejs\;C:\Program Files\NVIDIA Corporation\NVIDIA app\NvDLISR;C:\Program Files\Git\cmd;C:\Program Files\dotnet\;C:\xampp\php;C:\composer;C:\Program Files\Java\jdk-25\bin;C:\Users\rafed\scoop\shims;C:\Users\rafed\AppData\Local\Programs\Python\Python313\Scripts\;C:\Users\rafed\AppData\Local\Programs\Python\Python313\;C:\Users\rafed\AppData\Local\Microsoft\WindowsApps;C:\Users\rafed\AppData\Roaming\npm;C:\Users\rafed\.dotnet\tools;C:\Users\rafed\AppData\Local\Programs\Antigravity\bin;C:\Users\rafed\AppData\Roaming\Composer\vendor\bin;C:\Users\rafed\AppData\Local\Programs\Microsoft VS Code\bin;C:\Users\rafed\AppData\Local\Programs\cursor\resources\app\bin;C:\Users\rafed\AppData\Local\Programs\Antigravity IDE\bin;C:\Users\rafed\AppData\Local\Programs\DockerDesktop\resources\bin
USERNAME=rafed
OS=Windows_NT
PROCESSOR_IDENTIFIER=AMD64 Family 25 Model 68 Stepping 1, AuthenticAMD
TMP=C:\Users\rafed\AppData\Local\Temp
TEMP=C:\Users\rafed\AppData\Local\Temp




Compilation memory statistics disabled.

Periodic native trim disabled

---------------  S Y S T E M  ---------------

OS:
 Windows 11 , 64 bit Build 26100 (10.0.26100.9444)
OS uptime: 0 days 3:54 hours
Hyper-V role detected

CPU: total 16 (initial active 16) (16 cores per cpu, 2 threads per core) family 25 model 68 stepping 1 microcode 0xa404107, cx8, cmov, fxsr, ht, mmx, 3dnowpref, sse, sse2, sse3, ssse3, sse4a, sse4.1, sse4.2, popcnt, lzcnt, tsc, tscinvbit, avx, avx2, aes, erms, clmul, bmi1, bmi2, adx, sha, fma, vzeroupper, clflush, clflushopt, clwb, hv, rdtscp, rdpid, fsrm, f16c, cet_ss
Processor Information for processor 0
  Max Mhz: 3100, Current Mhz: 3100, Mhz Limit: 3100
Processor Information for processor 1
  Max Mhz: 3100, Current Mhz: 3100, Mhz Limit: 3100
Processor Information for processor 2
  Max Mhz: 3100, Current Mhz: 2469, Mhz Limit: 3100
Processor Information for processor 3
  Max Mhz: 3100, Current Mhz: 3100, Mhz Limit: 3100
Processor Information for processor 4
  Max Mhz: 3100, Current Mhz: 2469, Mhz Limit: 3100
Processor Information for processor 5
  Max Mhz: 3100, Current Mhz: 3100, Mhz Limit: 3100
Processor Information for processor 6
  Max Mhz: 3100, Current Mhz: 3100, Mhz Limit: 3100
Processor Information for processor 7
  Max Mhz: 3100, Current Mhz: 2469, Mhz Limit: 3100
Processor Information for processor 8
  Max Mhz: 3100, Current Mhz: 2469, Mhz Limit: 3100
Processor Information for processor 9
  Max Mhz: 3100, Current Mhz: 2469, Mhz Limit: 3100
Processor Information for processor 10
  Max Mhz: 3100, Current Mhz: 3100, Mhz Limit: 3100
Processor Information for processor 11
  Max Mhz: 3100, Current Mhz: 3100, Mhz Limit: 3100
Processor Information for processor 12
  Max Mhz: 3100, Current Mhz: 2469, Mhz Limit: 3100
Processor Information for processor 13
  Max Mhz: 3100, Current Mhz: 2469, Mhz Limit: 3100
Processor Information for processor 14
  Max Mhz: 3100, Current Mhz: 3100, Mhz Limit: 3100
Processor Information for processor 15
  Max Mhz: 3100, Current Mhz: 2469, Mhz Limit: 3100

Memory: 4k page, system-wide physical 24394M (6266M free)
TotalPageFile size 24394M (AvailPageFile size 38M)
current process WorkingSet (physical memory assigned to process): 611M, peak: 611M
current process commit charge ("private bytes"): 662M, peak: 671M

vm_info: Java HotSpot(TM) 64-Bit Server VM (25.0.1+8-LTS-27) for windows-amd64 JRE (25.0.1+8-LTS-27), built on 2025-09-25T16:41:16Z with unknown MS VC++:1943

END.
